path	basename	size	mtime
agent-quickstart.rst	agent-quickstart.rst	4013	1767540128
quickstart.rst	quickstart.rst	3918	1767540128
conf.py	conf.py	3120	1767541317
api/services.common.rst	services.common.rst	2418	1767540128
api/core.helpers.rst	core.helpers.rst	1967	1767540128
api/core.management.commands.rst	core.management.commands.rst	1442	1767540128
Makefile	Makefile	868	1767540127
api/agents.services.rst	agents.services.rst	831	1767540128
api/services.tool_executor.rst	services.tool_executor.rst	822	1767540128
api/services.conversation_worker.rst	services.conversation_worker.rst	642	1767540128
api/core.infrastructure.rst	core.infrastructure.rst	619	1767540128
api/core.infrastructure.adapters.rst	core.infrastructure.adapters.rst	544	1767540128
api/orchestrator.rst	orchestrator.rst	544	1767540128
api/voice.rst	voice.rst	542	1767540128
api/services.gateway.rst	services.gateway.rst	527	1767540128
api/core.rst	core.rst	510	1767540128
api/core.application.use_cases.conversation.rst	core.application.use_cases.conversation.rst	502	1767540128
api/saas.api.rst	saas.api.rst	422	1767540128
api/services.gateway.settings.rst	services.gateway.settings.rst	417	1767540128
api/services.rst	services.rst	398	1767540128
api/core.migrations.rst	core.migrations.rst	397	1767540128
api/core.sensors.rst	core.sensors.rst	396	1767540128
api/common.rst	common.rst	389	1767540128
api/core.api.rst	core.api.rst	380	1767540128
api/somabrain.rst	somabrain.rst	379	1767540128
api/permissions.rst	permissions.rst	377	1767540128
api/saas.models.rst	saas.models.rst	362	1767540128
api/services.multimodal.rst	services.multimodal.rst	359	1767540128
api/core.application.use_cases.rst	core.application.use_cases.rst	348	1767540128
api/core.observability.rst	core.observability.rst	338	1767540128
api/saas.rst	saas.rst	310	1767540128
api/llm.rst	llm.rst	306	1767540128
api/notifications.rst	notifications.rst	303	1767540128
api/saas.management.commands.rst	saas.management.commands.rst	303	1767540128
api/core.application.use_cases.memory.rst	core.application.use_cases.memory.rst	301	1767540128
api/core.application.use_cases.tools.rst	core.application.use_cases.tools.rst	297	1767540128
api/permissions.management.commands.rst	permissions.management.commands.rst	295	1767540128
api/flink.rst	flink.rst	288	1767540128
api/agents.rst	agents.rst	286	1767540128
api/core.migrations.0004_capsule_capabilities_whitelist_and_more.rst	core.migrations.0004_capsule_capabilities_whitelist_and_more.rst	284	1767540128
api/core.application.rst	core.application.rst	283	1767540128
api/flink.migrations.rst	flink.migrations.rst	279	1767540128
api/chat.rst	chat.rst	277	1767540128
api/core.config.rst	core.config.rst	271	1767540128
api/saas.migrations.rst	saas.migrations.rst	270	1767540128
api/core.application.use_cases.conversation.generate_response.rst	core.application.use_cases.conversation.generate_response.rst	269	1767540128
api/permissions.migrations.rst	permissions.migrations.rst	268	1767540128
api/core.application.use_cases.conversation.process_message.rst	core.application.use_cases.conversation.process_message.rst	263	1767540128
api/tools.rst	tools.rst	261	1767540128
api/core.management.commands.generate_missing_webui_files.rst	core.management.commands.generate_missing_webui_files.rst	259	1767540128
api/core.application.use_cases.conversation.build_context.rst	core.application.use_cases.conversation.build_context.rst	257	1767540128
api/core.infrastructure.adapters.execution_engine_adapter.rst	core.infrastructure.adapters.execution_engine_adapter.rst	257	1767540128
api/features.rst	features.rst	257	1767540128
api/services.gateway.consumers.rst	services.gateway.consumers.rst	257	1767540128
api/core.management.commands.migrate_profiles_to_gateway.rst	core.management.commands.migrate_profiles_to_gateway.rst	256	1767540128
api/core.application.use_cases.conversation.store_memory.rst	core.application.use_cases.conversation.store_memory.rst	254	1767540128
api/permissions.management.rst	permissions.management.rst	253	1767540128
api/core.migrations.0001_zero_data_loss_infrastructure.rst	core.migrations.0001_zero_data_loss_infrastructure.rst	252	1767540128
api/core.infrastructure.adapters.secret_manager_adapter.rst	core.infrastructure.adapters.secret_manager_adapter.rst	251	1767540128
api/core.infrastructure.adapters.tool_registry_adapter.rst	core.infrastructure.adapters.tool_registry_adapter.rst	248	1767540128
api/core.management.commands.context_builder_benchmark.rst	core.management.commands.context_builder_benchmark.rst	248	1767540128
api/core.management.commands.verify_memory_e2e_kafka.rst	core.management.commands.verify_memory_e2e_kafka.rst	244	1767540128
api/permissions.migrations.0001_granular_rbac_models.rst	permissions.migrations.0001_granular_rbac_models.rst	244	1767540128
api/core.management.commands.run_conversation_worker.rst	core.management.commands.run_conversation_worker.rst	242	1767540128
api/files.rst	files.rst	242	1767540128
api/utils.rst	utils.rst	242	1767540128
api/permissions.management.commands.seed_permissions.rst	permissions.management.commands.seed_permissions.rst	240	1767540128
api/core.management.commands.kafka_partition_scaler.rst	core.management.commands.kafka_partition_scaler.rst	239	1767540128
api/core.application.use_cases.memory.store_memory.rst	core.application.use_cases.memory.store_memory.rst	236	1767540128
api/core.infrastructure.adapters.event_bus_adapter.rst	core.infrastructure.adapters.event_bus_adapter.rst	236	1767540128
api/features.api.rst	features.api.rst	235	1767540128
api/core.application.use_cases.tools.execute_tool.rst	core.application.use_cases.tools.execute_tool.rst	233	1767540128
api/services.conversation_worker.policy_integration.rst	services.conversation_worker.policy_integration.rst	233	1767540128
api/voice.migrations.rst	voice.migrations.rst	231	1767540128
api/notifications.api.rst	notifications.api.rst	230	1767540128
api/services.conversation_worker.message_processor.rst	services.conversation_worker.message_processor.rst	230	1767540128
api/services.conversation_worker.tool_orchestrator.rst	services.conversation_worker.tool_orchestrator.rst	230	1767540128
api/chat.migrations.rst	chat.migrations.rst	227	1767540128
api/core.infrastructure.adapters.memory_adapter.rst	core.infrastructure.adapters.memory_adapter.rst	225	1767540128
api/core.infrastructure.adapters.policy_adapter.rst	core.infrastructure.adapters.policy_adapter.rst	225	1767540128
api/core.management.commands.constitution_admin.rst	core.management.commands.constitution_admin.rst	225	1767540128
api/core.management.rst	core.management.rst	225	1767540128
api/saas.management.rst	saas.management.rst	225	1767540128
api/core.management.commands.capture_ui_errors.rst	core.management.commands.capture_ui_errors.rst	224	1767540128
api/core.management.commands.run_tool_executor.rst	core.management.commands.run_tool_executor.rst	224	1767540128
api/core.management.commands.schema_smoke_test.rst	core.management.commands.schema_smoke_test.rst	224	1767540128
api/core.migrations.0003_infrastructure_models.rst	core.migrations.0003_infrastructure_models.rst	224	1767540128
api/services.conversation_worker.temporal_worker.rst	services.conversation_worker.temporal_worker.rst	224	1767540128
api/auth.rst	auth.rst	223	1767540128
api/llm.migrations.rst	llm.migrations.rst	223	1767540128
api/core.management.commands.check_file_sizes.rst	core.management.commands.check_file_sizes.rst	221	1767540128
api/core.management.commands.check_ui_console.rst	core.management.commands.check_ui_console.rst	221	1767540128
api/core.management.commands.prune_audit_repo.rst	core.management.commands.prune_audit_repo.rst	221	1767540128
api/services.conversation_worker.health_monitor.rst	services.conversation_worker.health_monitor.rst	221	1767540128
api/agents.services.conversation_orchestrator.rst	agents.services.conversation_orchestrator.rst	219	1767540128
api/core.management.commands.persona_training.rst	core.management.commands.persona_training.rst	219	1767540128
api/core.management.commands.run_sync_worker.rst	core.management.commands.run_sync_worker.rst	218	1767540128
api/services.tool_executor.multimodal_executor.rst	services.tool_executor.multimodal_executor.rst	218	1767540128
api/llm.services.rst	llm.services.rst	217	1767540128
api/saas.migrations.0002_add_profile_models.rst	saas.migrations.0002_add_profile_models.rst	217	1767540128
api/services.gateway.settings.service_registry.rst	services.gateway.settings.service_registry.rst	216	1767540128
api/core.management.commands.run_flink_jobs.rst	core.management.commands.run_flink_jobs.rst	215	1767540128
api/core.management.commands.run_webui_diff.rst	core.management.commands.run_webui_diff.rst	215	1767540128
api/saas.management.commands.seed_saas_data.rst	saas.management.commands.seed_saas_data.rst	215	1767540128
api/filesv2.rst	filesv2.rst	214	1767540128
api/flink.migrations.0002_llm_token_tracking.rst	flink.migrations.0002_llm_token_tracking.rst	214	1767540128
api/core.management.commands.publish_outbox.rst	core.management.commands.publish_outbox.rst	213	1767540128
api/services.common.degradation_notifications.rst	services.common.degradation_notifications.rst	213	1767540128
api/services.conversation_worker.preprocessor.rst	services.conversation_worker.preprocessor.rst	213	1767540128
api/services.conversation_worker.llm_metrics.rst	services.conversation_worker.llm_metrics.rst	212	1767540128
api/flink.migrations.0001_flink_sink_tables.rst	flink.migrations.0001_flink_sink_tables.rst	211	1767540128
api/core.management.commands.console_check.rst	core.management.commands.console_check.rst	210	1767540128
api/core.management.commands.persona_admin.rst	core.management.commands.persona_admin.rst	210	1767540128
api/core.management.commands.sync_memories.rst	core.management.commands.sync_memories.rst	210	1767540128
api/core.infrastructure.feature_flags_api.rst	core.infrastructure.feature_flags_api.rst	209	1767540128
api/services.tool_executor.execution_engine.rst	services.tool_executor.execution_engine.rst	209	1767540128
api/services.tool_executor.resource_manager.rst	services.tool_executor.resource_manager.rst	209	1767540128
api/services.tool_executor.result_publisher.rst	services.tool_executor.result_publisher.rst	209	1767540128
api/billing.rst	billing.rst	208	1767540128
api/agents.services.somabrain_integration.rst	agents.services.somabrain_integration.rst	207	1767540128
api/core.infrastructure.observability_api.rst	core.infrastructure.observability_api.rst	207	1767540128
api/core.management.commands.golden_trace.rst	core.management.commands.golden_trace.rst	207	1767540128
api/core.management.commands.soak_gateway.rst	core.management.commands.soak_gateway.rst	207	1767540128
api/services.multimodal.playwright_provider.rst	services.multimodal.playwright_provider.rst	207	1767540128
api/core.helpers.browser_use_monkeypatch.rst	core.helpers.browser_use_monkeypatch.rst	206	1767540128
api/services.common.unified_secret_manager.rst	services.common.unified_secret_manager.rst	206	1767540128
api/services.tool_executor.request_handler.rst	services.tool_executor.request_handler.rst	206	1767540128
api/services.tool_executor.sandbox_manager.rst	services.tool_executor.sandbox_manager.rst	206	1767540128
api/services.tool_executor.temporal_worker.rst	services.tool_executor.temporal_worker.rst	206	1767540128
api/conversations.rst	conversations.rst	204	1767540128
api/core.helpers.scheduler_serialization.rst	core.helpers.scheduler_serialization.rst	204	1767540128
api/observability.rst	observability.rst	204	1767540128
api/services.common.multimodal_degradation.rst	services.common.multimodal_degradation.rst	204	1767540128
api/agents.services.agent_config_loader.rst	agents.services.agent_config_loader.rst	203	1767540128
api/agents.api.rst	agents.api.rst	201	1767540128
api/core.infrastructure.degradation_api.rst	core.infrastructure.degradation_api.rst	201	1767540128
api/core.management.commands.setup_lago.rst	core.management.commands.setup_lago.rst	201	1767540128
api/capabilities.rst	capabilities.rst	200	1767540128
api/core.migrations.0002_sensor_outbox.rst	core.migrations.0002_sensor_outbox.rst	200	1767540128
api/integrations.rst	integrations.rst	200	1767540128
api/services.tool_executor.tool_registry.rst	services.tool_executor.tool_registry.rst	200	1767540128
api/services.gateway.settings.development.rst	services.gateway.settings.development.rst	199	1767540128
api/agents.services.confidence_metrics.rst	agents.services.confidence_metrics.rst	198	1767540128
api/agents.services.response_generator.rst	agents.services.response_generator.rst	198	1767540128
api/auth_config.rst	auth_config.rst	198	1767540128
api/core.infrastructure.health_checker.rst	core.infrastructure.health_checker.rst	198	1767540128
api/core.management.commands.e2e_quick.rst	core.management.commands.e2e_quick.rst	198	1767540128
api/core.observability.event_publisher.rst	core.observability.event_publisher.rst	198	1767540128
api/logging_api.rst	logging_api.rst	198	1767540128
api/saas.management.commands.seed_saas.rst	saas.management.commands.seed_saas.rst	198	1767540128
api/services.conversation_worker.service.rst	services.conversation_worker.service.rst	198	1767540128
api/services.multimodal.mermaid_provider.rst	services.multimodal.mermaid_provider.rst	198	1767540128
api/orchestrator.unified_memory_service.rst	orchestrator.unified_memory_service.rst	197	1767540128
api/services.common.agent_config_loader.rst	services.common.agent_config_loader.rst	197	1767540128
api/completions.rst	completions.rst	196	1767540128
api/core.management.commands.preflight.rst	core.management.commands.preflight.rst	196	1767540128
api/files.api.rst	files.api.rst	196	1767540128
api/services.gateway.settings.production.rst	services.gateway.settings.production.rst	196	1767540128
api/tools.api.rst	tools.api.rst	196	1767540128
api/agents.services.confidence_config.rst	agents.services.confidence_config.rst	195	1767540128
api/agents.services.confidence_scorer.rst	agents.services.confidence_scorer.rst	195	1767540128
api/core.helpers.memory_consolidation.rst	core.helpers.memory_consolidation.rst	195	1767540128
api/core.helpers.scheduler_repository.rst	core.helpers.scheduler_repository.rst	195	1767540128
api/services.common.degradation_monitor.rst	services.common.degradation_monitor.rst	195	1767540128
api/core.infrastructure.api_keys_api.rst	core.infrastructure.api_keys_api.rst	194	1767540128
api/services.common.opa_policy_adapter.rst	services.common.opa_policy_adapter.rst	194	1767540128
api/core.management.commands.runstack.rst	core.management.commands.runstack.rst	193	1767540128
api/agents.services.agentiq_governor.rst	agents.services.agentiq_governor.rst	192	1767540128
api/core.infrastructure.repositories.rst	core.infrastructure.repositories.rst	192	1767540128
api/core.infrastructure.settings_api.rst	core.infrastructure.settings_api.rst	192	1767540128
api/core.observability.log_redaction.rst	core.observability.log_redaction.rst	192	1767540128
api/embeddings.rst	embeddings.rst	192	1767540128
api/scheduling.rst	scheduling.rst	192	1767540128
api/services.multimodal.dalle_provider.rst	services.multimodal.dalle_provider.rst	192	1767540128
api/chat.api.rst	chat.api.rst	191	1767540128
api/services.common.ui_settings_store.rst	services.common.ui_settings_store.rst	191	1767540128
api/agents.services.agentiq_metrics.rst	agents.services.agentiq_metrics.rst	189	1767540128
api/agents.services.context_builder.rst	agents.services.context_builder.rst	189	1767540128
api/agents.services.input_processor.rst	agents.services.input_processor.rst	189	1767540128
api/core.helpers.attachment_manager.rst	core.helpers.attachment_manager.rst	189	1767540128
api/services.common.lifecycle_metrics.rst	services.common.lifecycle_metrics.rst	189	1767540128
api/services.common.llm_compatibility.rst	services.common.llm_compatibility.rst	189	1767540128
api/services.common.service_lifecycle.rst	services.common.service_lifecycle.rst	189	1767540128
api/services.conversation_worker.main.rst	services.conversation_worker.main.rst	189	1767540128
api/services.multimodal.base_provider.rst	services.multimodal.base_provider.rst	189	1767540128
api/services.tool_executor.validation.rst	services.tool_executor.validation.rst	189	1767540128
api/analytics.rst	analytics.rst	188	1767540128
api/knowledge.rst	knowledge.rst	188	1767540128
api/ratelimit.rst	ratelimit.rst	188	1767540128
api/scheduler.rst	scheduler.rst	188	1767540128
api/templates.rst	templates.rst	188	1767540128
api/workflows.rst	workflows.rst	188	1767540128
api/services.gateway.settings.staging.rst	services.gateway.settings.staging.rst	187	1767540128
api/agents.services.agentiq_config.rst	agents.services.agentiq_config.rst	186	1767540128
api/core.helpers.duckduckgo_search.rst	core.helpers.duckduckgo_search.rst	186	1767540128
api/core.helpers.settings_defaults.rst	core.helpers.settings_defaults.rst	186	1767540128
api/services.common.capsule_enforcer.rst	services.common.capsule_enforcer.rst	186	1767540128
api/services.common.circuit_breakers.rst	services.common.circuit_breakers.rst	186	1767540128
api/services.common.error_classifier.rst	services.common.error_classifier.rst	186	1767540128
api/services.common.portfolio_ranker.rst	services.common.portfolio_ranker.rst	186	1767540128
api/services.common.schema_validator.rst	services.common.schema_validator.rst	186	1767540128
api/services.tool_executor.telemetry.rst	services.tool_executor.telemetry.rst	186	1767540128
api/orchestrator.cache_sync_service.rst	orchestrator.cache_sync_service.rst	185	1767540128
api/feedback.rst	feedback.rst	184	1767540128
api/sessions.rst	sessions.rst	184	1767540128
api/webhooks.rst	webhooks.rst	184	1767540128
api/agents.services.agent_context.rst	agents.services.agent_context.rst	183	1767540128
api/agents.services.error_handler.rst	agents.services.error_handler.rst	183	1767540128
api/agents.services.tool_selector.rst	agents.services.tool_selector.rst	183	1767540128
api/core.helpers.knowledge_import.rst	core.helpers.knowledge_import.rst	183	1767540128
api/core.helpers.scheduler_models.rst	core.helpers.scheduler_models.rst	183	1767540128
api/services.common.config_registry.rst	services.common.config_registry.rst	183	1767540128
api/services.common.embedding_cache.rst	services.common.embedding_cache.rst	183	1767540128
api/services.common.llm_degradation.rst	services.common.llm_degradation.rst	183	1767540128
api/services.common.manifest_parser.rst	services.common.manifest_parser.rst	183	1767540128
api/services.common.messaging_utils.rst	services.common.messaging_utils.rst	183	1767540128
api/services.common.semantic_recall.rst	services.common.semantic_recall.rst	183	1767540128
api/voice.migrations.0001_initial.rst	voice.migrations.0001_initial.rst	183	1767540128
api/notifications.api.notifications.rst	notifications.api.notifications.rst	181	1767540128
api/services.gateway.consumers.chat.rst	services.gateway.consumers.chat.rst	181	1767540128
api/apikeys.rst	apikeys.rst	180	1767540128
api/chat.migrations.0001_initial.rst	chat.migrations.0001_initial.rst	180	1767540128
api/core.helpers.circuit_breaker.rst	core.helpers.circuit_breaker.rst	180	1767540128
api/metrics.rst	metrics.rst	180	1767540128
api/plugins.rst	plugins.rst	180	1767540128
api/prompts.rst	prompts.rst	180	1767540128
api/quality.rst	quality.rst	180	1767540128
api/saas.migrations.0001_initial.rst	saas.migrations.0001_initial.rst	180	1767540128
api/secrets.rst	secrets.rst	180	1767540128
api/services.common.budget_manager.rst	services.common.budget_manager.rst	180	1767540128
api/services.common.clamav_scanner.rst	services.common.clamav_scanner.rst	180	1767540128
api/services.common.internal_token.rst	services.common.internal_token.rst	180	1767540128
api/services.common.logging_config.rst	services.common.logging_config.rst	180	1767540128
api/services.common.prompt_builder.rst	services.common.prompt_builder.rst	180	1767540128
api/services.common.secret_manager.rst	services.common.secret_manager.rst	180	1767540128
api/services.common.spicedb_client.rst	services.common.spicedb_client.rst	180	1767540128
api/services.tool_executor.metrics.rst	services.tool_executor.metrics.rst	180	1767540128
api/services.tool_executor.service.rst	services.tool_executor.service.rst	180	1767540128
api/tenants.rst	tenants.rst	180	1767540128
api/services.common.api_key_store.rst	services.common.api_key_store.rst	179	1767540128
api/services.gateway.settings.base.rst	services.gateway.settings.base.rst	178	1767540128
api/agents.services.run_receipt.rst	agents.services.run_receipt.rst	177	1767540128
api/core.helpers.fasta2a_client.rst	core.helpers.fasta2a_client.rst	177	1767540128
api/core.helpers.settings_model.rst	core.helpers.settings_model.rst	177	1767540128
api/core.helpers.task_scheduler.rst	core.helpers.task_scheduler.rst	177	1767540128
api/core.helpers.tunnel_manager.rst	core.helpers.tunnel_manager.rst	177	1767540128
api/features.api.gateway_features.rst	features.api.gateway_features.rst	177	1767540128
api/llm.migrations.0001_initial.rst	llm.migrations.0001_initial.rst	177	1767540128
api/llm.services.litellm_client.rst	llm.services.litellm_client.rst	177	1767540128
api/orchestrator.service_registry.rst	orchestrator.service_registry.rst	177	1767540128
api/services.common.capsule_store.rst	services.common.capsule_store.rst	177	1767540128
api/services.common.health_checks.rst	services.common.health_checks.rst	177	1767540128
api/services.common.requeue_store.rst	services.common.requeue_store.rst	177	1767540128
api/services.common.router_client.rst	services.common.router_client.rst	177	1767540128
api/services.common.tenant_config.rst	services.common.tenant_config.rst	177	1767540128
api/services.common.trace_context.rst	services.common.trace_context.rst	177	1767540128
api/services.common.vault_secrets.rst	services.common.vault_secrets.rst	177	1767540128
api/services.gateway.django_setup.rst	services.gateway.django_setup.rst	177	1767540128
api/services.tool_executor.config.rst	services.tool_executor.config.rst	177	1767540128
api/assets.rst	assets.rst	176	1767540128
api/config.rst	config.rst	176	1767540128
api/events.rst	events.rst	176	1767540128
api/export.rst	export.rst	176	1767540128
api/models.rst	models.rst	176	1767540128
api/search.rst	search.rst	176	1767540128
api/traces.rst	traces.rst	176	1767540128
api/services.common.authorization.rst	services.common.authorization.rst	175	1767540128
api/core.helpers.extract_tools.rst	core.helpers.extract_tools.rst	174	1767540128
api/core.helpers.memory_stores.rst	core.helpers.memory_stores.rst	174	1767540128
api/core.helpers.tool_tracking.rst	core.helpers.tool_tracking.rst	174	1767540128
api/core.helpers.vault_adapter.rst	core.helpers.vault_adapter.rst	174	1767540128
api/orchestrator.gateway_service.rst	orchestrator.gateway_service.rst	174	1767540128
api/services.common.asset_critic.rst	services.common.asset_critic.rst	174	1767540128
api/services.common.chat_service.rst	services.common.chat_service.rst	174	1767540128
api/services.common.dlq_consumer.rst	services.common.dlq_consumer.rst	174	1767540128
api/services.common.files_client.rst	services.common.files_client.rst	174	1767540128
api/services.common.rate_limiter.rst	services.common.rate_limiter.rst	174	1767540128
api/services.common.tenant_flags.rst	services.common.tenant_flags.rst	174	1767540128
api/services.tool_executor.audit.rst	services.tool_executor.audit.rst	174	1767540128
api/services.tool_executor.tools.rst	services.tool_executor.tools.rst	174	1767540128
requirements.txt	requirements.txt	174	1767540128
api/audit.rst	audit.rst	172	1767540128
api/core.infrastructure.models.rst	core.infrastructure.models.rst	172	1767540128
api/core.observability.metrics.rst	core.observability.metrics.rst	172	1767540128
api/core.observability.tracing.rst	core.observability.tracing.rst	172	1767540128
api/services.common.compensation.rst	services.common.compensation.rst	172	1767540128
api/usage.rst	usage.rst	172	1767540128
api/users.rst	users.rst	172	1767540128
api/core.application.services.rst	core.application.services.rst	171	1767540128
api/core.helpers.file_browser.rst	core.helpers.file_browser.rst	171	1767540128
api/core.helpers.rate_limiter.rst	core.helpers.rate_limiter.rst	171	1767540128
api/core.helpers.rfc_exchange.rst	core.helpers.rfc_exchange.rst	171	1767540128
api/orchestrator.health_monitor.rst	orchestrator.health_monitor.rst	171	1767540128
api/services.common.llm_adapter.rst	services.common.llm_adapter.rst	171	1767540128
api/services.common.model_costs.rst	services.common.model_costs.rst	171	1767540128
api/services.tool_executor.main.rst	services.tool_executor.main.rst	171	1767540128
api/voice.response_normalizer.rst	voice.response_normalizer.rst	171	1767540128
api/agents.services.cognitive.rst	agents.services.cognitive.rst	169	1767540128
api/core.helpers.localization.rst	core.helpers.localization.rst	169	1767540128
api/core.helpers.notification.rst	core.helpers.notification.rst	169	1767540128
api/core.sensors.conversation.rst	core.sensors.conversation.rst	169	1767540128
api/services.common.idempotency.rst	services.common.idempotency.rst	169	1767540128
api/core.helpers.browser_use.rst	core.helpers.browser_use.rst	168	1767540128
api/core.helpers.mcp_clients.rst	core.helpers.mcp_clients.rst	168	1767540128
api/core.helpers.mcp_handler.rst	core.helpers.mcp_handler.rst	168	1767540128
api/core.helpers.mcp_servers.rst	core.helpers.mcp_servers.rst	168	1767540128
api/core.helpers.print_catch.rst	core.helpers.print_catch.rst	168	1767540128
api/core.helpers.print_style.rst	core.helpers.print_style.rst	168	1767540128
api/core.helpers.shell_local.rst	core.helpers.shell_local.rst	168	1767540128
api/core.helpers.timed_input.rst	core.helpers.timed_input.rst	168	1767540128
api/core.helpers.tty_session.rst	core.helpers.tty_session.rst	168	1767540128
api/core.sensors.sync_worker.rst	core.sensors.sync_worker.rst	168	1767540128
api/orchestrator.health_router.rst	orchestrator.health_router.rst	168	1767540128
api/services.common.audit_diff.rst	services.common.audit_diff.rst	168	1767540128
api/services.common.env_config.rst	services.common.env_config.rst	168	1767540128
api/services.common.confidence.rst	services.common.confidence.rst	166	1767540128
api/services.common.embeddings.rst	services.common.embeddings.rst	166	1767540128
api/services.common.escalation.rst	services.common.escalation.rst	166	1767540128
api/services.common.resilience.rst	services.common.resilience.rst	166	1767540128
api/services.gateway.providers.rst	services.gateway.providers.rst	166	1767540128
api/core.api.tenant_metrics.rst	core.api.tenant_metrics.rst	165	1767540128
api/core.helpers.dirty_json.rst	core.helpers.dirty_json.rst	165	1767540128
api/core.helpers.kokoro_tts.rst	core.helpers.kokoro_tts.rst	165	1767540128
api/orchestrator.base_service.rst	orchestrator.base_service.rst	165	1767540128
api/services.common.event_bus.rst	services.common.event_bus.rst	165	1767540128
api/services.registry_service.rst	services.registry_service.rst	165	1767540128
api/voice.provider_selector.rst	voice.provider_selector.rst	165	1767540128
api/a2a.rst	a2a.rst	164	1767540128
api/agents.services.capsule.rst	agents.services.capsule.rst	163	1767540128
api/core.helpers.playwright.rst	core.helpers.playwright.rst	163	1767540128
api/core.infrastructure.api.rst	core.infrastructure.api.rst	163	1767540128
api/orchestrator.orchestrator.rst	orchestrator.orchestrator.rst	163	1767540128
api/services.common.publisher.rst	services.common.publisher.rst	163	1767540128
api/services.common.readiness.rst	services.common.readiness.rst	163	1767540128
api/services.common.telemetry.rst	services.common.telemetry.rst	163	1767540128
api/common.account_lockout.rst	common.account_lockout.rst	162	1767540128
api/common.session_manager.rst	common.session_manager.rst	162	1767540128
api/core.helpers.rfc_files.rst	core.helpers.rfc_files.rst	162	1767540128
api/core.helpers.shell_ssh.rst	core.helpers.shell_ssh.rst	162	1767540128
api/saas.api.tenant_agents.rst	saas.api.tenant_agents.rst	162	1767540128
api/core.helpers.extension.rst	core.helpers.extension.rst	160	1767540128
api/core.helpers.providers.rst	core.helpers.providers.rst	160	1767540128
api/services.common.features.rst	services.common.features.rst	160	1767540128
api/services.common.learning.rst	services.common.learning.rst	160	1767540128
api/services.gateway.routing.rst	services.gateway.routing.rst	160	1767540128
api/core.helpers.call_llm.rst	core.helpers.call_llm.rst	159	1767540128
api/core.helpers.job_loop.rst	core.helpers.job_loop.rst	159	1767540128
api/core.somabrain_client.rst	core.somabrain_client.rst	159	1767540128
api/core.helpers.messages.rst	core.helpers.messages.rst	157	1767540128
api/core.helpers.settings.rst	core.helpers.settings.rst	157	1767540128
api/saas.api.integrations.rst	saas.api.integrations.rst	157	1767540128
api/services.common.masking.rst	services.common.masking.rst	157	1767540128
api/services.common.tracing.rst	services.common.tracing.rst	157	1767540128
api/core.api.ui_settings.rst	core.api.ui_settings.rst	156	1767540128
api/core.application.dto.rst	core.application.dto.rst	156	1767540128
api/somabrain.event_bridge.rst	somabrain.event_bridge.rst	156	1767540128
api/core.config.registry.rst	core.config.registry.rst	154	1767540128
api/core.helpers.browser.rst	core.helpers.browser.rst	154	1767540128
api/core.helpers.history.rst	core.helpers.history.rst	154	1767540128
api/core.helpers.process.rst	core.helpers.process.rst	154	1767540128
api/core.helpers.runtime.rst	core.helpers.runtime.rst	154	1767540128
api/core.helpers.searxng.rst	core.helpers.searxng.rst	154	1767540128
api/core.helpers.secrets.rst	core.helpers.secrets.rst	154	1767540128
api/core.helpers.strings.rst	core.helpers.strings.rst	154	1767540128
api/core.helpers.whisper.rst	core.helpers.whisper.rst	154	1767540128
api/permissions.granular.rst	permissions.granular.rst	154	1767540128
api/saas.models.features.rst	saas.models.features.rst	154	1767540128
api/saas.models.profiles.rst	saas.models.profiles.rst	154	1767540128
api/services.capsule_core.rst	services.capsule_core.rst	153	1767540128
api/voice.audio_capture.rst	voice.audio_capture.rst	153	1767540128
api/voice.voice_adapter.rst	voice.voice_adapter.rst	153	1767540128
api/core.helpers.crypto.rst	core.helpers.crypto.rst	151	1767540128
api/core.helpers.docker.rst	core.helpers.docker.rst	151	1767540128
api/core.helpers.dotenv.rst	core.helpers.dotenv.rst	151	1767540128
api/core.helpers.errors.rst	core.helpers.errors.rst	151	1767540128
api/core.helpers.images.rst	core.helpers.images.rst	151	1767540128
api/core.helpers.memory.rst	core.helpers.memory.rst	151	1767540128
api/core.helpers.tokens.rst	core.helpers.tokens.rst	151	1767540128
api/core.sensors.memory.rst	core.sensors.memory.rst	151	1767540128
api/core.sensors.outbox.rst	core.sensors.outbox.rst	151	1767540128
api/core.sensors.upload.rst	core.sensors.upload.rst	151	1767540128
api/files.api.attachments.rst	files.api.attachments.rst	151	1767540128
api/saas.models.choices.rst	saas.models.choices.rst	151	1767540128
api/saas.models.tenants.rst	saas.models.tenants.rst	151	1767540128
api/services.common.audit.rst	services.common.audit.rst	151	1767540128
api/services.gateway.asgi.rst	services.gateway.asgi.rst	151	1767540128
api/services.gateway.auth.rst	services.gateway.auth.rst	151	1767540128
api/services.gateway.main.rst	services.gateway.main.rst	151	1767540128
api/services.gateway.urls.rst	services.gateway.urls.rst	151	1767540128
api/core.api.admin_ops.rst	core.api.admin_ops.rst	150	1767540128
api/flink.somabrain_jobs.rst	flink.somabrain_jobs.rst	150	1767540128
api/somabrain.core_brain.rst	somabrain.core_brain.rst	150	1767540128
api/core.config.loader.rst	core.config.loader.rst	148	1767540128
api/core.config.models.rst	core.config.models.rst	148	1767540128
api/core.helpers.defer.rst	core.helpers.defer.rst	148	1767540128
api/core.helpers.files.rst	core.helpers.files.rst	148	1767540128
api/core.helpers.guids.rst	core.helpers.guids.rst	148	1767540128
api/core.sensors.voice.rst	core.sensors.voice.rst	148	1767540128
api/permissions.models.rst	permissions.models.rst	148	1767540128
api/saas.api.dashboard.rst	saas.api.dashboard.rst	148	1767540128
api/saas.models.agents.rst	saas.models.agents.rst	148	1767540128
api/auth.password_reset.rst	auth.password_reset.rst	147	1767540128
api/billing.lago_client.rst	billing.lago_client.rst	147	1767540128
api/common.rate_limit.rst	common.rate_limit.rst	147	1767540128
api/somabrain.admin_api.rst	somabrain.admin_api.rst	147	1767540128
api/agents.api.agents.rst	agents.api.agents.rst	145	1767540128
api/common.exceptions.rst	common.exceptions.rst	145	1767540128
api/common.middleware.rst	common.middleware.rst	145	1767540128
api/core.api.sessions.rst	core.api.sessions.rst	145	1767540128
api/core.helpers.tool.rst	core.helpers.tool.rst	145	1767540128
api/core.repositories.rst	core.repositories.rst	145	1767540128
api/core.sensors.base.rst	core.sensors.base.rst	145	1767540128
api/core.sensors.tool.rst	core.sensors.tool.rst	145	1767540128
api/orchestrator.config.rst	orchestrator.config.rst	145	1767540128
api/permissions.admin.rst	permissions.admin.rst	145	1767540128
api/saas.api.features.rst	saas.api.features.rst	145	1767540128
api/saas.api.settings.rst	saas.api.settings.rst	145	1767540128
api/saas.models.audit.rst	saas.models.audit.rst	145	1767540128
api/saas.models.tiers.rst	saas.models.tiers.rst	145	1767540128
api/saas.models.usage.rst	saas.models.usage.rst	145	1767540128
api/services.common.dlq.rst	services.common.dlq.rst	145	1767540128
api/somabrain.cognitive.rst	somabrain.cognitive.rst	145	1767540128
api/core.soma_client.rst	core.soma_client.rst	144	1767540128
api/common.responses.rst	common.responses.rst	142	1767540128
api/core.api.general.rst	core.api.general.rst	142	1767540128
api/core.api.migrate.rst	core.api.migrate.rst	142	1767540128
api/core.config.core.rst	core.config.core.rst	142	1767540128
api/core.helpers.git.rst	core.helpers.git.rst	142	1767540128
api/core.helpers.log.rst	core.helpers.log.rst	142	1767540128
api/core.helpers.rfc.rst	core.helpers.rfc.rst	142	1767540128
api/core.permissions.rst	core.permissions.rst	142	1767540128
api/core.sensors.llm.rst	core.sensors.llm.rst	142	1767540128
api/features.api.flags.rst	features.api.flags.rst	142	1767540128
api/notifications.apps.rst	notifications.apps.rst	142	1767540128
api/saas.api.billing.rst	saas.api.billing.rst	142	1767540128
api/saas.api.schemas.rst	saas.api.schemas.rst	142	1767540128
api/saas.api.tenants.rst	saas.api.tenants.rst	142	1767540128
api/voice.exceptions.rst	voice.exceptions.rst	142	1767540128
api/common.handlers.rst	common.handlers.rst	139	1767540128
api/common.messages.rst	common.messages.rst	139	1767540128
api/conversations.api.rst	conversations.api.rst	139	1767540128
api/core.api.health.rst	core.api.health.rst	139	1767540128
api/core.api.memory.rst	core.api.memory.rst	139	1767540128
api/observability.api.rst	observability.api.rst	139	1767540128
api/orchestrator.apps.rst	orchestrator.apps.rst	139	1767540128
api/orchestrator.core.rst	orchestrator.core.rst	139	1767540128
api/orchestrator.main.rst	orchestrator.main.rst	139	1767540128
api/permissions.api.rst	permissions.api.rst	139	1767540128
api/saas.api.health.rst	saas.api.health.rst	139	1767540128
api/tools.api.tools.rst	tools.api.tools.rst	139	1767540128
api/voice.consumers.rst	voice.consumers.rst	139	1767540128
api/auth.invitations.rst	auth.invitations.rst	136	1767540128
api/billing.webhooks.rst	billing.webhooks.rst	136	1767540128
api/capabilities.api.rst	capabilities.api.rst	136	1767540128
api/common.schemas.rst	common.schemas.rst	136	1767540128
api/core.api.kafka.rst	core.api.kafka.rst	136	1767540128
api/integrations.api.rst	integrations.api.rst	136	1767540128
api/llm.exceptions.rst	llm.exceptions.rst	136	1767540128
api/orchestrator.api.rst	orchestrator.api.rst	136	1767540128
api/saas.api.audit.rst	saas.api.audit.rst	136	1767540128
api/saas.api.tiers.rst	saas.api.tiers.rst	136	1767540128
api/saas.api.users.rst	saas.api.users.rst	136	1767540128
api/somabrain.client.rst	somabrain.client.rst	136	1767540128
api/auth_config.api.rst	auth_config.api.rst	135	1767540128
api/logging_api.api.rst	logging_api.api.rst	135	1767540128
api/somabrain.tests.rst	somabrain.tests.rst	135	1767540128
api/chat.api.chat.rst	chat.api.chat.rst	133	1767540128
api/completions.api.rst	completions.api.rst	133	1767540128
api/voice.metrics.rst	voice.metrics.rst	133	1767540128
api/voice.routing.rst	voice.routing.rst	133	1767540128
api/voice.schemas.rst	voice.schemas.rst	133	1767540128
api/voice.service.rst	voice.service.rst	133	1767540128
api/voice.speaker.rst	voice.speaker.rst	133	1767540128
api/voice.tracing.rst	voice.tracing.rst	133	1767540128
api/core.api.llm.rst	core.api.llm.rst	130	1767540128
api/core.signals.rst	core.signals.rst	130	1767540128
api/embeddings.api.rst	embeddings.api.rst	130	1767540128
api/filesv2.models.rst	filesv2.models.rst	130	1767540128
api/scheduling.api.rst	scheduling.api.rst	130	1767540128
api/voice.models.rst	voice.models.rst	130	1767540128
api/agents.apps.rst	agents.apps.rst	127	1767540128
api/analytics.api.rst	analytics.api.rst	127	1767540128
api/chat.models.rst	chat.models.rst	127	1767540128
api/common.auth.rst	common.auth.rst	127	1767540128
api/common.pkce.rst	common.pkce.rst	127	1767540128
api/core.models.rst	core.models.rst	127	1767540128
api/features.apps.rst	features.apps.rst	127	1767540128
api/knowledge.api.rst	knowledge.api.rst	127	1767540128
api/ratelimit.api.rst	ratelimit.api.rst	127	1767540128
api/scheduler.api.rst	scheduler.api.rst	127	1767540128
api/somabrain.api.rst	somabrain.api.rst	127	1767540128
api/templates.api.rst	templates.api.rst	127	1767540128
api/voice.admin.rst	voice.admin.rst	127	1767540128
api/workflows.api.rst	workflows.api.rst	127	1767540128
deployment/local.rst	local.rst	125	1767540455
api/feedback.api.rst	feedback.api.rst	124	1767540128
api/filesv2.apps.rst	filesv2.apps.rst	124	1767540128
api/flink.models.rst	flink.models.rst	124	1767540128
api/llm.models.rst	llm.models.rst	124	1767540128
api/saas.admin.rst	saas.admin.rst	124	1767540128
api/sessions.api.rst	sessions.api.rst	124	1767540128
api/tools.apps.rst	tools.apps.rst	124	1767540128
api/voice.apps.rst	voice.apps.rst	124	1767540128
api/webhooks.api.rst	webhooks.api.rst	124	1767540128
api/apikeys.api.rst	apikeys.api.rst	121	1767540128
api/chat.apps.rst	chat.apps.rst	121	1767540128
api/core.apps.rst	core.apps.rst	121	1767540128
api/filesv2.api.rst	filesv2.api.rst	121	1767540128
api/llm.admin.rst	llm.admin.rst	121	1767540128
api/metrics.api.rst	metrics.api.rst	121	1767540128
api/plugins.api.rst	plugins.api.rst	121	1767540128
api/prompts.api.rst	prompts.api.rst	121	1767540128
api/quality.api.rst	quality.api.rst	121	1767540128
api/saas.apps.rst	saas.apps.rst	121	1767540128
api/secrets.api.rst	secrets.api.rst	121	1767540128
api/tenants.api.rst	tenants.api.rst	121	1767540128
api/voice.api.rst	voice.api.rst	121	1767540128
api/assets.api.rst	assets.api.rst	118	1767540128
api/config.api.rst	config.api.rst	118	1767540128
api/events.api.rst	events.api.rst	118	1767540128
api/export.api.rst	export.api.rst	118	1767540128
api/files.apps.rst	files.apps.rst	118	1767540128
api/llm.apps.rst	llm.apps.rst	118	1767540128
api/models.api.rst	models.api.rst	118	1767540128
api/search.api.rst	search.api.rst	118	1767540128
api/traces.api.rst	traces.api.rst	118	1767540128
api/utils.apps.rst	utils.apps.rst	118	1767540128
api/utils.api.rst	utils.api.rst	117	1767540128
deployment/docker.rst	docker.rst	117	1767540457
api/audit.api.rst	audit.api.rst	115	1767540128
api/flink.api.rst	flink.api.rst	115	1767540128
api/usage.api.rst	usage.api.rst	115	1767540128
api/users.api.rst	users.api.rst	115	1767540128
api/auth.api.rst	auth.api.rst	112	1767540128
api/auth.mfa.rst	auth.mfa.rst	112	1767540128
api/a2a.api.rst	a2a.api.rst	109	1767540128
api/api.rst	api.rst	97	1767540128
deployment/kubernetes.rst	kubernetes.rst	94	1767540462
deployment/aws.rst	aws.rst	71	1767540460
development/vibe-rules.rst	vibe-rules.rst	68	1767540484
development/contributing.rst	contributing.rst	64	1767540482
api/modules.rst	modules.rst	61	1767540128
_build/html/_sources/api/config.api.rst.txt	config.api.rst.txt	0	0
_build/html/_sources/api/config.rst.txt	config.rst.txt	0	0
_build/html/_sources/api/conversations.api.rst.txt	conversations.api.rst.txt	0	0
_build/html/_sources/api/conversations.rst.txt	conversations.rst.txt	0	0
_build/html/_sources/api/core.api.admin_ops.rst.txt	core.api.admin_ops.rst.txt	0	0
_build/html/_sources/api/core.api.general.rst.txt	core.api.general.rst.txt	0	0
_build/html/_sources/api/core.api.health.rst.txt	core.api.health.rst.txt	0	0
_build/html/_sources/api/core.api.kafka.rst.txt	core.api.kafka.rst.txt	0	0
_build/html/_sources/api/core.api.llm.rst.txt	core.api.llm.rst.txt	0	0
_build/html/_sources/api/core.api.memory.rst.txt	core.api.memory.rst.txt	0	0
_build/html/_sources/api/core.api.migrate.rst.txt	core.api.migrate.rst.txt	0	0
_build/html/_sources/api/core.api.rst.txt	core.api.rst.txt	0	0
_build/html/_sources/api/core.api.sessions.rst.txt	core.api.sessions.rst.txt	0	0
_build/html/_sources/api/core.api.tenant_metrics.rst.txt	core.api.tenant_metrics.rst.txt	0	0
_build/html/_sources/api/core.api.ui_settings.rst.txt	core.api.ui_settings.rst.txt	0	0
_build/html/_sources/api/core.application.dto.rst.txt	core.application.dto.rst.txt	0	0
_build/html/_sources/api/core.application.rst.txt	core.application.rst.txt	0	0
_build/html/_sources/api/core.application.services.rst.txt	core.application.services.rst.txt	0	0
_build/html/_sources/api/core.application.use_cases.conversation.build_context.rst.txt	core.application.use_cases.conversation.build_context.rst.txt	0	0
_build/html/_sources/api/core.application.use_cases.conversation.generate_response.rst.txt	core.application.use_cases.conversation.generate_response.rst.txt	0	0
_build/html/_sources/api/core.application.use_cases.conversation.process_message.rst.txt	core.application.use_cases.conversation.process_message.rst.txt	0	0
_build/html/_sources/api/core.application.use_cases.conversation.rst.txt	core.application.use_cases.conversation.rst.txt	0	0
_build/html/_sources/api/core.application.use_cases.conversation.store_memory.rst.txt	core.application.use_cases.conversation.store_memory.rst.txt	0	0
_build/html/_sources/api/core.application.use_cases.memory.rst.txt	core.application.use_cases.memory.rst.txt	0	0
_build/html/_sources/api/core.application.use_cases.memory.store_memory.rst.txt	core.application.use_cases.memory.store_memory.rst.txt	0	0
_build/html/_sources/api/core.application.use_cases.rst.txt	core.application.use_cases.rst.txt	0	0
_build/html/_sources/api/core.application.use_cases.tools.execute_tool.rst.txt	core.application.use_cases.tools.execute_tool.rst.txt	0	0
_build/html/_sources/api/core.application.use_cases.tools.rst.txt	core.application.use_cases.tools.rst.txt	0	0
_build/html/_sources/api/core.apps.rst.txt	core.apps.rst.txt	0	0
_build/html/_sources/api/core.config.core.rst.txt	core.config.core.rst.txt	0	0
_build/html/_sources/api/core.config.loader.rst.txt	core.config.loader.rst.txt	0	0
_build/html/_sources/api/core.config.models.rst.txt	core.config.models.rst.txt	0	0
_build/html/_sources/api/core.config.registry.rst.txt	core.config.registry.rst.txt	0	0
_build/html/_sources/api/core.config.rst.txt	core.config.rst.txt	0	0
_build/html/_sources/api/core.helpers.attachment_manager.rst.txt	core.helpers.attachment_manager.rst.txt	0	0
_build/html/_sources/api/core.helpers.browser.rst.txt	core.helpers.browser.rst.txt	0	0
_build/html/_sources/api/core.helpers.browser_use.rst.txt	core.helpers.browser_use.rst.txt	0	0
_build/html/_sources/api/core.helpers.browser_use_monkeypatch.rst.txt	core.helpers.browser_use_monkeypatch.rst.txt	0	0
_build/html/_sources/api/core.helpers.call_llm.rst.txt	core.helpers.call_llm.rst.txt	0	0
_build/html/_sources/api/core.helpers.circuit_breaker.rst.txt	core.helpers.circuit_breaker.rst.txt	0	0
_build/html/_sources/api/core.helpers.crypto.rst.txt	core.helpers.crypto.rst.txt	0	0
_build/html/_sources/api/core.helpers.defer.rst.txt	core.helpers.defer.rst.txt	0	0
_build/html/_sources/api/core.helpers.dirty_json.rst.txt	core.helpers.dirty_json.rst.txt	0	0
_build/html/_sources/api/core.helpers.docker.rst.txt	core.helpers.docker.rst.txt	0	0
_build/html/_sources/api/core.helpers.dotenv.rst.txt	core.helpers.dotenv.rst.txt	0	0
_build/html/_sources/api/core.helpers.duckduckgo_search.rst.txt	core.helpers.duckduckgo_search.rst.txt	0	0
_build/html/_sources/api/core.helpers.errors.rst.txt	core.helpers.errors.rst.txt	0	0
_build/html/_sources/api/core.helpers.extension.rst.txt	core.helpers.extension.rst.txt	0	0
_build/html/_sources/api/core.helpers.extract_tools.rst.txt	core.helpers.extract_tools.rst.txt	0	0
_build/html/_sources/api/core.helpers.fasta2a_client.rst.txt	core.helpers.fasta2a_client.rst.txt	0	0
_build/html/_sources/api/core.helpers.file_browser.rst.txt	core.helpers.file_browser.rst.txt	0	0
_build/html/_sources/api/core.helpers.files.rst.txt	core.helpers.files.rst.txt	0	0
_build/html/_sources/api/core.helpers.git.rst.txt	core.helpers.git.rst.txt	0	0
_build/html/_sources/api/core.helpers.guids.rst.txt	core.helpers.guids.rst.txt	0	0
_build/html/_sources/api/core.helpers.history.rst.txt	core.helpers.history.rst.txt	0	0
_build/html/_sources/api/core.helpers.images.rst.txt	core.helpers.images.rst.txt	0	0
_build/html/_sources/api/core.helpers.job_loop.rst.txt	core.helpers.job_loop.rst.txt	0	0
_build/html/_sources/api/core.helpers.knowledge_import.rst.txt	core.helpers.knowledge_import.rst.txt	0	0
_build/html/_sources/api/core.helpers.kokoro_tts.rst.txt	core.helpers.kokoro_tts.rst.txt	0	0
_build/html/_sources/api/core.helpers.localization.rst.txt	core.helpers.localization.rst.txt	0	0
_build/html/_sources/api/core.helpers.log.rst.txt	core.helpers.log.rst.txt	0	0
_build/html/_sources/api/core.helpers.mcp_clients.rst.txt	core.helpers.mcp_clients.rst.txt	0	0
_build/html/_sources/api/core.helpers.mcp_handler.rst.txt	core.helpers.mcp_handler.rst.txt	0	0
_build/html/_sources/api/core.helpers.mcp_servers.rst.txt	core.helpers.mcp_servers.rst.txt	0	0
_build/html/_sources/api/core.helpers.memory.rst.txt	core.helpers.memory.rst.txt	0	0
_build/html/_sources/api/core.helpers.memory_consolidation.rst.txt	core.helpers.memory_consolidation.rst.txt	0	0
_build/html/_sources/api/core.helpers.memory_stores.rst.txt	core.helpers.memory_stores.rst.txt	0	0
_build/html/_sources/api/core.helpers.messages.rst.txt	core.helpers.messages.rst.txt	0	0
_build/html/_sources/api/core.helpers.notification.rst.txt	core.helpers.notification.rst.txt	0	0
_build/html/_sources/api/core.helpers.playwright.rst.txt	core.helpers.playwright.rst.txt	0	0
_build/html/_sources/api/core.helpers.print_catch.rst.txt	core.helpers.print_catch.rst.txt	0	0
_build/html/_sources/api/core.helpers.print_style.rst.txt	core.helpers.print_style.rst.txt	0	0
_build/html/_sources/api/core.helpers.process.rst.txt	core.helpers.process.rst.txt	0	0
_build/html/_sources/api/core.helpers.providers.rst.txt	core.helpers.providers.rst.txt	0	0
_build/html/_sources/api/core.helpers.rate_limiter.rst.txt	core.helpers.rate_limiter.rst.txt	0	0
_build/html/_sources/api/core.helpers.rfc.rst.txt	core.helpers.rfc.rst.txt	0	0
_build/html/_sources/api/core.helpers.rfc_exchange.rst.txt	core.helpers.rfc_exchange.rst.txt	0	0
_build/html/_sources/api/core.helpers.rfc_files.rst.txt	core.helpers.rfc_files.rst.txt	0	0
_build/html/_sources/api/core.helpers.rst.txt	core.helpers.rst.txt	0	0
_build/html/_sources/api/core.helpers.runtime.rst.txt	core.helpers.runtime.rst.txt	0	0
_build/html/_sources/api/core.helpers.scheduler_models.rst.txt	core.helpers.scheduler_models.rst.txt	0	0
_build/html/_sources/api/core.helpers.scheduler_repository.rst.txt	core.helpers.scheduler_repository.rst.txt	0	0
_build/html/_sources/api/core.helpers.scheduler_serialization.rst.txt	core.helpers.scheduler_serialization.rst.txt	0	0
_build/html/_sources/api/core.helpers.searxng.rst.txt	core.helpers.searxng.rst.txt	0	0
_build/html/_sources/api/core.helpers.secrets.rst.txt	core.helpers.secrets.rst.txt	0	0
_build/html/_sources/api/core.helpers.settings.rst.txt	core.helpers.settings.rst.txt	0	0
_build/html/_sources/api/core.helpers.settings_defaults.rst.txt	core.helpers.settings_defaults.rst.txt	0	0
_build/html/_sources/api/core.helpers.settings_model.rst.txt	core.helpers.settings_model.rst.txt	0	0
_build/html/_sources/api/core.helpers.shell_local.rst.txt	core.helpers.shell_local.rst.txt	0	0
_build/html/_sources/api/core.helpers.shell_ssh.rst.txt	core.helpers.shell_ssh.rst.txt	0	0
_build/html/_sources/api/core.helpers.strings.rst.txt	core.helpers.strings.rst.txt	0	0
_build/html/_sources/api/core.helpers.task_scheduler.rst.txt	core.helpers.task_scheduler.rst.txt	0	0
_build/html/_sources/api/core.helpers.timed_input.rst.txt	core.helpers.timed_input.rst.txt	0	0
_build/html/_sources/api/core.helpers.tokens.rst.txt	core.helpers.tokens.rst.txt	0	0
_build/html/_sources/api/core.helpers.tool.rst.txt	core.helpers.tool.rst.txt	0	0
_build/html/_sources/api/core.helpers.tool_tracking.rst.txt	core.helpers.tool_tracking.rst.txt	0	0
_build/html/_sources/api/core.helpers.tty_session.rst.txt	core.helpers.tty_session.rst.txt	0	0
_build/html/_sources/api/core.helpers.tunnel_manager.rst.txt	core.helpers.tunnel_manager.rst.txt	0	0
_build/html/_sources/api/core.helpers.vault_adapter.rst.txt	core.helpers.vault_adapter.rst.txt	0	0
_build/html/_sources/api/core.helpers.whisper.rst.txt	core.helpers.whisper.rst.txt	0	0
_build/html/_sources/api/core.infrastructure.adapters.event_bus_adapter.rst.txt	core.infrastructure.adapters.event_bus_adapter.rst.txt	0	0
_build/html/_sources/api/core.infrastructure.adapters.execution_engine_adapter.rst.txt	core.infrastructure.adapters.execution_engine_adapter.rst.txt	0	0
_build/html/_sources/api/core.infrastructure.adapters.memory_adapter.rst.txt	core.infrastructure.adapters.memory_adapter.rst.txt	0	0
_build/html/_sources/api/core.infrastructure.adapters.policy_adapter.rst.txt	core.infrastructure.adapters.policy_adapter.rst.txt	0	0
_build/html/_sources/api/core.infrastructure.adapters.rst.txt	core.infrastructure.adapters.rst.txt	0	0
_build/html/_sources/api/core.infrastructure.adapters.secret_manager_adapter.rst.txt	core.infrastructure.adapters.secret_manager_adapter.rst.txt	0	0
_build/html/_sources/api/core.infrastructure.adapters.tool_registry_adapter.rst.txt	core.infrastructure.adapters.tool_registry_adapter.rst.txt	0	0
_build/html/_sources/api/core.infrastructure.api.rst.txt	core.infrastructure.api.rst.txt	0	0
_build/html/_sources/api/core.infrastructure.api_keys_api.rst.txt	core.infrastructure.api_keys_api.rst.txt	0	0
_build/html/_sources/api/core.infrastructure.degradation_api.rst.txt	core.infrastructure.degradation_api.rst.txt	0	0
_build/html/_sources/api/core.infrastructure.feature_flags_api.rst.txt	core.infrastructure.feature_flags_api.rst.txt	0	0
_build/html/_sources/api/core.infrastructure.health_checker.rst.txt	core.infrastructure.health_checker.rst.txt	0	0
_build/html/_sources/api/core.infrastructure.models.rst.txt	core.infrastructure.models.rst.txt	0	0
_build/html/_sources/api/core.infrastructure.observability_api.rst.txt	core.infrastructure.observability_api.rst.txt	0	0
_build/html/_sources/api/core.infrastructure.repositories.rst.txt	core.infrastructure.repositories.rst.txt	0	0
_build/html/_sources/api/core.infrastructure.rst.txt	core.infrastructure.rst.txt	0	0
_build/html/_sources/api/core.infrastructure.settings_api.rst.txt	core.infrastructure.settings_api.rst.txt	0	0
_build/html/_sources/api/core.management.commands.capture_ui_errors.rst.txt	core.management.commands.capture_ui_errors.rst.txt	0	0
_build/html/_sources/api/core.management.commands.check_file_sizes.rst.txt	core.management.commands.check_file_sizes.rst.txt	0	0
_build/html/_sources/api/core.management.commands.check_ui_console.rst.txt	core.management.commands.check_ui_console.rst.txt	0	0
_build/html/_sources/api/core.management.commands.console_check.rst.txt	core.management.commands.console_check.rst.txt	0	0
_build/html/_sources/api/core.management.commands.constitution_admin.rst.txt	core.management.commands.constitution_admin.rst.txt	0	0
_build/html/_sources/api/core.management.commands.context_builder_benchmark.rst.txt	core.management.commands.context_builder_benchmark.rst.txt	0	0
_build/html/_sources/api/core.management.commands.e2e_quick.rst.txt	core.management.commands.e2e_quick.rst.txt	0	0
_build/html/_sources/api/core.management.commands.generate_missing_webui_files.rst.txt	core.management.commands.generate_missing_webui_files.rst.txt	0	0
_build/html/_sources/api/core.management.commands.golden_trace.rst.txt	core.management.commands.golden_trace.rst.txt	0	0
_build/html/_sources/api/core.management.commands.kafka_partition_scaler.rst.txt	core.management.commands.kafka_partition_scaler.rst.txt	0	0
_build/html/_sources/api/core.management.commands.migrate_profiles_to_gateway.rst.txt	core.management.commands.migrate_profiles_to_gateway.rst.txt	0	0
_build/html/_sources/api/core.management.commands.persona_admin.rst.txt	core.management.commands.persona_admin.rst.txt	0	0
_build/html/_sources/api/core.management.commands.persona_training.rst.txt	core.management.commands.persona_training.rst.txt	0	0
_build/html/_sources/api/core.management.commands.preflight.rst.txt	core.management.commands.preflight.rst.txt	0	0
_build/html/_sources/api/core.management.commands.prune_audit_repo.rst.txt	core.management.commands.prune_audit_repo.rst.txt	0	0
_build/html/_sources/api/core.management.commands.publish_outbox.rst.txt	core.management.commands.publish_outbox.rst.txt	0	0
_build/html/_sources/api/core.management.commands.rst.txt	core.management.commands.rst.txt	0	0
_build/html/_sources/api/core.management.commands.run_conversation_worker.rst.txt	core.management.commands.run_conversation_worker.rst.txt	0	0
_build/html/_sources/api/core.management.commands.run_flink_jobs.rst.txt	core.management.commands.run_flink_jobs.rst.txt	0	0
_build/html/_sources/api/core.management.commands.run_sync_worker.rst.txt	core.management.commands.run_sync_worker.rst.txt	0	0
_build/html/_sources/api/core.management.commands.run_tool_executor.rst.txt	core.management.commands.run_tool_executor.rst.txt	0	0
_build/html/_sources/api/core.management.commands.run_webui_diff.rst.txt	core.management.commands.run_webui_diff.rst.txt	0	0
_build/html/_sources/api/core.management.commands.runstack.rst.txt	core.management.commands.runstack.rst.txt	0	0
_build/html/_sources/api/core.management.commands.schema_smoke_test.rst.txt	core.management.commands.schema_smoke_test.rst.txt	0	0
_build/html/_sources/api/core.management.commands.setup_lago.rst.txt	core.management.commands.setup_lago.rst.txt	0	0
_build/html/_sources/api/core.management.commands.soak_gateway.rst.txt	core.management.commands.soak_gateway.rst.txt	0	0
_build/html/_sources/api/core.management.commands.sync_memories.rst.txt	core.management.commands.sync_memories.rst.txt	0	0
_build/html/_sources/api/core.management.commands.verify_memory_e2e_kafka.rst.txt	core.management.commands.verify_memory_e2e_kafka.rst.txt	0	0
_build/html/_sources/api/core.management.rst.txt	core.management.rst.txt	0	0
_build/html/_sources/api/core.migrations.0001_zero_data_loss_infrastructure.rst.txt	core.migrations.0001_zero_data_loss_infrastructure.rst.txt	0	0
_build/html/_sources/api/core.migrations.0002_sensor_outbox.rst.txt	core.migrations.0002_sensor_outbox.rst.txt	0	0
_build/html/_sources/api/core.migrations.0003_infrastructure_models.rst.txt	core.migrations.0003_infrastructure_models.rst.txt	0	0
_build/html/_sources/api/core.migrations.0004_capsule_capabilities_whitelist_and_more.rst.txt	core.migrations.0004_capsule_capabilities_whitelist_and_more.rst.txt	0	0
_build/html/_sources/api/core.migrations.rst.txt	core.migrations.rst.txt	0	0
_build/html/_sources/api/core.models.rst.txt	core.models.rst.txt	0	0
_build/html/_sources/api/core.observability.event_publisher.rst.txt	core.observability.event_publisher.rst.txt	0	0
_build/html/_sources/api/core.observability.log_redaction.rst.txt	core.observability.log_redaction.rst.txt	0	0
_build/html/_sources/api/core.observability.metrics.rst.txt	core.observability.metrics.rst.txt	0	0
_build/html/_sources/api/core.observability.rst.txt	core.observability.rst.txt	0	0
_build/html/_sources/api/core.observability.tracing.rst.txt	core.observability.tracing.rst.txt	0	0
_build/html/_sources/api/core.permissions.rst.txt	core.permissions.rst.txt	0	0
_build/html/_sources/api/core.repositories.rst.txt	core.repositories.rst.txt	0	0
_build/html/_sources/api/core.rst.txt	core.rst.txt	0	0
_build/html/_sources/api/core.sensors.base.rst.txt	core.sensors.base.rst.txt	0	0
_build/html/_sources/api/core.sensors.conversation.rst.txt	core.sensors.conversation.rst.txt	0	0
_build/html/_sources/api/core.sensors.llm.rst.txt	core.sensors.llm.rst.txt	0	0
_build/html/_sources/api/core.sensors.memory.rst.txt	core.sensors.memory.rst.txt	0	0
_build/html/_sources/api/core.sensors.outbox.rst.txt	core.sensors.outbox.rst.txt	0	0
_build/html/_sources/api/core.sensors.rst.txt	core.sensors.rst.txt	0	0
_build/html/_sources/api/core.sensors.sync_worker.rst.txt	core.sensors.sync_worker.rst.txt	0	0
_build/html/_sources/api/core.sensors.tool.rst.txt	core.sensors.tool.rst.txt	0	0
_build/html/_sources/api/core.sensors.upload.rst.txt	core.sensors.upload.rst.txt	0	0
_build/html/_sources/api/core.sensors.voice.rst.txt	core.sensors.voice.rst.txt	0	0
_build/html/_sources/api/core.signals.rst.txt	core.signals.rst.txt	0	0
_build/html/_sources/api/core.soma_client.rst.txt	core.soma_client.rst.txt	0	0
_build/html/_sources/api/core.somabrain_client.rst.txt	core.somabrain_client.rst.txt	0	0
_build/html/_sources/api/embeddings.api.rst.txt	embeddings.api.rst.txt	0	0
_build/html/_sources/api/embeddings.rst.txt	embeddings.rst.txt	0	0
_build/html/_sources/api/events.api.rst.txt	events.api.rst.txt	0	0
_build/html/_sources/api/events.rst.txt	events.rst.txt	0	0
_build/html/_sources/api/export.api.rst.txt	export.api.rst.txt	0	0
_build/html/_sources/api/export.rst.txt	export.rst.txt	0	0
_build/html/_sources/api/features.api.flags.rst.txt	features.api.flags.rst.txt	0	0
_build/html/_sources/api/features.api.gateway_features.rst.txt	features.api.gateway_features.rst.txt	0	0
_build/html/_sources/api/features.api.rst.txt	features.api.rst.txt	0	0
_build/html/_sources/api/features.apps.rst.txt	features.apps.rst.txt	0	0
_build/html/_sources/api/features.rst.txt	features.rst.txt	0	0
_build/html/_sources/api/feedback.api.rst.txt	feedback.api.rst.txt	0	0
_build/html/_sources/api/feedback.rst.txt	feedback.rst.txt	0	0
_build/html/_sources/api/files.api.attachments.rst.txt	files.api.attachments.rst.txt	0	0
_build/html/_sources/api/files.api.rst.txt	files.api.rst.txt	0	0
_build/html/_sources/api/files.apps.rst.txt	files.apps.rst.txt	0	0
_build/html/_sources/api/files.rst.txt	files.rst.txt	0	0
_build/html/_sources/api/filesv2.api.rst.txt	filesv2.api.rst.txt	0	0
_build/html/_sources/api/filesv2.apps.rst.txt	filesv2.apps.rst.txt	0	0
_build/html/_sources/api/filesv2.models.rst.txt	filesv2.models.rst.txt	0	0
_build/html/_sources/api/filesv2.rst.txt	filesv2.rst.txt	0	0
_build/html/_sources/api/flink.api.rst.txt	flink.api.rst.txt	0	0
_build/html/_sources/api/flink.migrations.0001_flink_sink_tables.rst.txt	flink.migrations.0001_flink_sink_tables.rst.txt	0	0
_build/html/_sources/api/flink.migrations.0002_llm_token_tracking.rst.txt	flink.migrations.0002_llm_token_tracking.rst.txt	0	0
_build/html/_sources/api/flink.migrations.rst.txt	flink.migrations.rst.txt	0	0
_build/html/_sources/api/flink.models.rst.txt	flink.models.rst.txt	0	0
_build/html/_sources/api/flink.rst.txt	flink.rst.txt	0	0
_build/html/_sources/api/flink.somabrain_jobs.rst.txt	flink.somabrain_jobs.rst.txt	0	0
_build/html/_sources/api/index.rst.txt	index.rst.txt	0	0
_build/html/_sources/api/integrations.api.rst.txt	integrations.api.rst.txt	0	0
_build/html/_sources/api/integrations.rst.txt	integrations.rst.txt	0	0
_build/html/_sources/api/knowledge.api.rst.txt	knowledge.api.rst.txt	0	0
_build/html/_sources/api/knowledge.rst.txt	knowledge.rst.txt	0	0
_build/html/_sources/api/llm.admin.rst.txt	llm.admin.rst.txt	0	0
_build/html/_sources/api/llm.apps.rst.txt	llm.apps.rst.txt	0	0
_build/html/_sources/api/llm.exceptions.rst.txt	llm.exceptions.rst.txt	0	0
_build/html/_sources/api/llm.migrations.0001_initial.rst.txt	llm.migrations.0001_initial.rst.txt	0	0
_build/html/_sources/api/llm.migrations.rst.txt	llm.migrations.rst.txt	0	0
_build/html/_sources/api/llm.models.rst.txt	llm.models.rst.txt	0	0
_build/html/_sources/api/llm.rst.txt	llm.rst.txt	0	0
_build/html/_sources/api/llm.services.litellm_client.rst.txt	llm.services.litellm_client.rst.txt	0	0
_build/html/_sources/api/llm.services.rst.txt	llm.services.rst.txt	0	0
_build/html/_sources/api/logging_api.api.rst.txt	logging_api.api.rst.txt	0	0
_build/html/_sources/api/logging_api.rst.txt	logging_api.rst.txt	0	0
_build/html/_sources/api/metrics.api.rst.txt	metrics.api.rst.txt	0	0
_build/html/_sources/api/metrics.rst.txt	metrics.rst.txt	0	0
_build/html/_sources/api/models.api.rst.txt	models.api.rst.txt	0	0
_build/html/_sources/api/models.rst.txt	models.rst.txt	0	0
_build/html/_sources/api/modules.rst.txt	modules.rst.txt	0	0
_build/html/_sources/api/notifications.api.notifications.rst.txt	notifications.api.notifications.rst.txt	0	0
_build/html/_sources/api/notifications.api.rst.txt	notifications.api.rst.txt	0	0
_build/html/_sources/api/notifications.apps.rst.txt	notifications.apps.rst.txt	0	0
_build/html/_sources/api/notifications.rst.txt	notifications.rst.txt	0	0
_build/html/_sources/api/observability.api.rst.txt	observability.api.rst.txt	0	0
_build/html/_sources/api/observability.rst.txt	observability.rst.txt	0	0
_build/html/_sources/api/orchestrator.api.rst.txt	orchestrator.api.rst.txt	0	0
_build/html/_sources/api/orchestrator.apps.rst.txt	orchestrator.apps.rst.txt	0	0
_build/html/_sources/api/orchestrator.base_service.rst.txt	orchestrator.base_service.rst.txt	0	0
_build/html/_sources/api/orchestrator.cache_sync_service.rst.txt	orchestrator.cache_sync_service.rst.txt	0	0
_build/html/_sources/api/orchestrator.config.rst.txt	orchestrator.config.rst.txt	0	0
_build/html/_sources/api/orchestrator.core.rst.txt	orchestrator.core.rst.txt	0	0
_build/html/_sources/api/orchestrator.gateway_service.rst.txt	orchestrator.gateway_service.rst.txt	0	0
_build/html/_sources/api/orchestrator.health_monitor.rst.txt	orchestrator.health_monitor.rst.txt	0	0
_build/html/_sources/api/orchestrator.health_router.rst.txt	orchestrator.health_router.rst.txt	0	0
_build/html/_sources/api/orchestrator.main.rst.txt	orchestrator.main.rst.txt	0	0
_build/html/_sources/api/orchestrator.orchestrator.rst.txt	orchestrator.orchestrator.rst.txt	0	0
_build/html/_sources/api/orchestrator.rst.txt	orchestrator.rst.txt	0	0
_build/html/_sources/api/orchestrator.service_registry.rst.txt	orchestrator.service_registry.rst.txt	0	0
_build/html/_sources/api/orchestrator.unified_memory_service.rst.txt	orchestrator.unified_memory_service.rst.txt	0	0
_build/html/_sources/api/permissions.admin.rst.txt	permissions.admin.rst.txt	0	0
_build/html/_sources/api/permissions.api.rst.txt	permissions.api.rst.txt	0	0
_build/html/_sources/api/permissions.granular.rst.txt	permissions.granular.rst.txt	0	0
_build/html/_sources/api/permissions.management.commands.rst.txt	permissions.management.commands.rst.txt	0	0
_build/html/_sources/api/permissions.management.commands.seed_permissions.rst.txt	permissions.management.commands.seed_permissions.rst.txt	0	0
_build/html/_sources/api/permissions.management.rst.txt	permissions.management.rst.txt	0	0
_build/html/_sources/api/permissions.migrations.0001_granular_rbac_models.rst.txt	permissions.migrations.0001_granular_rbac_models.rst.txt	0	0
_build/html/_sources/api/permissions.migrations.rst.txt	permissions.migrations.rst.txt	0	0
_build/html/_sources/api/permissions.models.rst.txt	permissions.models.rst.txt	0	0
_build/html/_sources/api/permissions.rst.txt	permissions.rst.txt	0	0
_build/html/_sources/api/plugins.api.rst.txt	plugins.api.rst.txt	0	0
_build/html/_sources/api/plugins.rst.txt	plugins.rst.txt	0	0
_build/html/_sources/api/prompts.api.rst.txt	prompts.api.rst.txt	0	0
_build/html/_sources/api/prompts.rst.txt	prompts.rst.txt	0	0
_build/html/_sources/api/quality.api.rst.txt	quality.api.rst.txt	0	0
_build/html/_sources/api/quality.rst.txt	quality.rst.txt	0	0
_build/html/_sources/api/ratelimit.api.rst.txt	ratelimit.api.rst.txt	0	0
_build/html/_sources/api/ratelimit.rst.txt	ratelimit.rst.txt	0	0
_build/html/_sources/api/saas.admin.rst.txt	saas.admin.rst.txt	0	0
_build/html/_sources/api/saas.api.audit.rst.txt	saas.api.audit.rst.txt	0	0
_build/html/_sources/api/saas.api.billing.rst.txt	saas.api.billing.rst.txt	0	0
_build/html/_sources/api/saas.api.dashboard.rst.txt	saas.api.dashboard.rst.txt	0	0
_build/html/_sources/api/saas.api.features.rst.txt	saas.api.features.rst.txt	0	0
_build/html/_sources/api/saas.api.health.rst.txt	saas.api.health.rst.txt	0	0
_build/html/_sources/api/saas.api.integrations.rst.txt	saas.api.integrations.rst.txt	0	0
_build/html/_sources/api/saas.api.rst.txt	saas.api.rst.txt	0	0
_build/html/_sources/api/saas.api.schemas.rst.txt	saas.api.schemas.rst.txt	0	0
_build/html/_sources/api/saas.api.settings.rst.txt	saas.api.settings.rst.txt	0	0
_build/html/_sources/api/saas.api.tenant_agents.rst.txt	saas.api.tenant_agents.rst.txt	0	0
_build/html/_sources/api/saas.api.tenants.rst.txt	saas.api.tenants.rst.txt	0	0
_build/html/_sources/api/saas.api.tiers.rst.txt	saas.api.tiers.rst.txt	0	0
_build/html/_sources/api/saas.api.users.rst.txt	saas.api.users.rst.txt	0	0
_build/html/_sources/api/saas.apps.rst.txt	saas.apps.rst.txt	0	0
_build/html/_sources/api/saas.management.commands.rst.txt	saas.management.commands.rst.txt	0	0
_build/html/_sources/api/saas.management.commands.seed_saas.rst.txt	saas.management.commands.seed_saas.rst.txt	0	0
_build/html/_sources/api/saas.management.commands.seed_saas_data.rst.txt	saas.management.commands.seed_saas_data.rst.txt	0	0
_build/html/_sources/api/saas.management.rst.txt	saas.management.rst.txt	0	0
_build/html/_sources/api/saas.migrations.0001_initial.rst.txt	saas.migrations.0001_initial.rst.txt	0	0
_build/html/_sources/api/saas.migrations.0002_add_profile_models.rst.txt	saas.migrations.0002_add_profile_models.rst.txt	0	0
_build/html/_sources/api/saas.migrations.rst.txt	saas.migrations.rst.txt	0	0
_build/html/_sources/api/saas.models.agents.rst.txt	saas.models.agents.rst.txt	0	0
_build/html/_sources/api/saas.models.audit.rst.txt	saas.models.audit.rst.txt	0	0
_build/html/_sources/api/saas.models.choices.rst.txt	saas.models.choices.rst.txt	0	0
_build/html/_sources/api/saas.models.features.rst.txt	saas.models.features.rst.txt	0	0
_build/html/_sources/api/saas.models.profiles.rst.txt	saas.models.profiles.rst.txt	0	0
_build/html/_sources/api/saas.models.rst.txt	saas.models.rst.txt	0	0
_build/html/_sources/api/saas.models.tenants.rst.txt	saas.models.tenants.rst.txt	0	0
_build/html/_sources/api/saas.models.tiers.rst.txt	saas.models.tiers.rst.txt	0	0
_build/html/_sources/api/saas.models.usage.rst.txt	saas.models.usage.rst.txt	0	0
_build/html/_sources/api/saas.rst.txt	saas.rst.txt	0	0
_build/html/_sources/api/scheduler.api.rst.txt	scheduler.api.rst.txt	0	0
_build/html/_sources/api/scheduler.rst.txt	scheduler.rst.txt	0	0
_build/html/_sources/api/scheduling.api.rst.txt	scheduling.api.rst.txt	0	0
_build/html/_sources/api/scheduling.rst.txt	scheduling.rst.txt	0	0
_build/html/_sources/api/search.api.rst.txt	search.api.rst.txt	0	0
_build/html/_sources/api/search.rst.txt	search.rst.txt	0	0
_build/html/_sources/api/secrets.api.rst.txt	secrets.api.rst.txt	0	0
_build/html/_sources/api/secrets.rst.txt	secrets.rst.txt	0	0
_build/html/_sources/api/services.capsule_core.rst.txt	services.capsule_core.rst.txt	0	0
_build/html/_sources/api/services.common.agent_config_loader.rst.txt	services.common.agent_config_loader.rst.txt	0	0
_build/html/_sources/api/services.common.api_key_store.rst.txt	services.common.api_key_store.rst.txt	0	0
_build/html/_sources/api/services.common.asset_critic.rst.txt	services.common.asset_critic.rst.txt	0	0
_build/html/_sources/api/services.common.audit.rst.txt	services.common.audit.rst.txt	0	0
_build/html/_sources/api/services.common.audit_diff.rst.txt	services.common.audit_diff.rst.txt	0	0
_build/html/_sources/api/services.common.authorization.rst.txt	services.common.authorization.rst.txt	0	0
_build/html/_sources/api/services.common.budget_manager.rst.txt	services.common.budget_manager.rst.txt	0	0
_build/html/_sources/api/services.common.capsule_enforcer.rst.txt	services.common.capsule_enforcer.rst.txt	0	0
_build/html/_sources/api/services.common.capsule_store.rst.txt	services.common.capsule_store.rst.txt	0	0
_build/html/_sources/api/services.common.chat_service.rst.txt	services.common.chat_service.rst.txt	0	0
_build/html/_sources/api/services.common.circuit_breakers.rst.txt	services.common.circuit_breakers.rst.txt	0	0
_build/html/_sources/api/services.common.clamav_scanner.rst.txt	services.common.clamav_scanner.rst.txt	0	0
_build/html/_sources/api/services.common.compensation.rst.txt	services.common.compensation.rst.txt	0	0
_build/html/_sources/api/services.common.confidence.rst.txt	services.common.confidence.rst.txt	0	0
_build/html/_sources/api/services.common.config_registry.rst.txt	services.common.config_registry.rst.txt	0	0
_build/html/_sources/api/services.common.degradation_monitor.rst.txt	services.common.degradation_monitor.rst.txt	0	0
_build/html/_sources/api/services.common.degradation_notifications.rst.txt	services.common.degradation_notifications.rst.txt	0	0
_build/html/_sources/api/services.common.dlq.rst.txt	services.common.dlq.rst.txt	0	0
_build/html/_sources/api/services.common.dlq_consumer.rst.txt	services.common.dlq_consumer.rst.txt	0	0
_build/html/_sources/api/services.common.embedding_cache.rst.txt	services.common.embedding_cache.rst.txt	0	0
_build/html/_sources/api/services.common.embeddings.rst.txt	services.common.embeddings.rst.txt	0	0
_build/html/_sources/api/services.common.env_config.rst.txt	services.common.env_config.rst.txt	0	0
_build/html/_sources/api/services.common.error_classifier.rst.txt	services.common.error_classifier.rst.txt	0	0
_build/html/_sources/api/services.common.escalation.rst.txt	services.common.escalation.rst.txt	0	0
_build/html/_sources/api/services.common.event_bus.rst.txt	services.common.event_bus.rst.txt	0	0
_build/html/_sources/api/services.common.features.rst.txt	services.common.features.rst.txt	0	0
_build/html/_sources/api/services.common.files_client.rst.txt	services.common.files_client.rst.txt	0	0
_build/html/_sources/api/services.common.health_checks.rst.txt	services.common.health_checks.rst.txt	0	0
_build/html/_sources/api/services.common.idempotency.rst.txt	services.common.idempotency.rst.txt	0	0
_build/html/_sources/api/services.common.internal_token.rst.txt	services.common.internal_token.rst.txt	0	0
_build/html/_sources/api/services.common.learning.rst.txt	services.common.learning.rst.txt	0	0
_build/html/_sources/api/services.common.lifecycle_metrics.rst.txt	services.common.lifecycle_metrics.rst.txt	0	0
_build/html/_sources/api/services.common.llm_adapter.rst.txt	services.common.llm_adapter.rst.txt	0	0
_build/html/_sources/api/services.common.llm_compatibility.rst.txt	services.common.llm_compatibility.rst.txt	0	0
_build/html/_sources/api/services.common.llm_degradation.rst.txt	services.common.llm_degradation.rst.txt	0	0
_build/html/_sources/api/services.common.logging_config.rst.txt	services.common.logging_config.rst.txt	0	0
_build/html/_sources/api/services.common.manifest_parser.rst.txt	services.common.manifest_parser.rst.txt	0	0
_build/html/_sources/api/services.common.masking.rst.txt	services.common.masking.rst.txt	0	0
_build/html/_sources/api/services.common.messaging_utils.rst.txt	services.common.messaging_utils.rst.txt	0	0
_build/html/_sources/api/services.common.model_costs.rst.txt	services.common.model_costs.rst.txt	0	0
_build/html/_sources/api/services.common.multimodal_degradation.rst.txt	services.common.multimodal_degradation.rst.txt	0	0
_build/html/_sources/api/services.common.opa_policy_adapter.rst.txt	services.common.opa_policy_adapter.rst.txt	0	0
_build/html/_sources/api/services.common.rst.txt	services.common.rst.txt	0	0
_build/html/_sources/api/services.rst.txt	services.rst.txt	0	0
_build/html/api/core.api.admin_ops.html	core.api.admin_ops.html	0	0
_build/html/api/core.api.general.html	core.api.general.html	0	0
_build/html/api/core.api.health.html	core.api.health.html	0	0
_build/html/api/core.api.kafka.html	core.api.kafka.html	0	0
_build/html/api/core.api.llm.html	core.api.llm.html	0	0
_build/html/api/core.api.memory.html	core.api.memory.html	0	0
_build/html/api/core.api.migrate.html	core.api.migrate.html	0	0
_build/html/api/core.api.sessions.html	core.api.sessions.html	0	0
_build/html/api/core.api.tenant_metrics.html	core.api.tenant_metrics.html	0	0
_build/html/api/core.api.ui_settings.html	core.api.ui_settings.html	0	0
_build/html/api/core.application.dto.html	core.application.dto.html	0	0
_build/html/api/core.application.services.html	core.application.services.html	0	0
_build/html/api/core.application.use_cases.conversation.build_context.html	core.application.use_cases.conversation.build_context.html	0	0
_build/html/api/core.application.use_cases.conversation.generate_response.html	core.application.use_cases.conversation.generate_response.html	0	0
_build/html/api/core.application.use_cases.conversation.html	core.application.use_cases.conversation.html	0	0
_build/html/api/core.application.use_cases.conversation.process_message.html	core.application.use_cases.conversation.process_message.html	0	0
_build/html/api/core.application.use_cases.conversation.store_memory.html	core.application.use_cases.conversation.store_memory.html	0	0
_build/html/api/core.application.use_cases.html	core.application.use_cases.html	0	0
_build/html/api/core.application.use_cases.memory.html	core.application.use_cases.memory.html	0	0
_build/html/api/core.application.use_cases.memory.store_memory.html	core.application.use_cases.memory.store_memory.html	0	0
_build/html/api/core.application.use_cases.tools.execute_tool.html	core.application.use_cases.tools.execute_tool.html	0	0
_build/html/api/core.application.use_cases.tools.html	core.application.use_cases.tools.html	0	0
_build/html/api/core.config.core.html	core.config.core.html	0	0
_build/html/api/core.config.loader.html	core.config.loader.html	0	0
_build/html/api/core.config.models.html	core.config.models.html	0	0
_build/html/api/core.config.registry.html	core.config.registry.html	0	0
_build/html/api/core.helpers.attachment_manager.html	core.helpers.attachment_manager.html	0	0
_build/html/api/core.helpers.browser.html	core.helpers.browser.html	0	0
_build/html/api/core.helpers.browser_use.html	core.helpers.browser_use.html	0	0
_build/html/api/core.helpers.browser_use_monkeypatch.html	core.helpers.browser_use_monkeypatch.html	0	0
_build/html/api/core.helpers.call_llm.html	core.helpers.call_llm.html	0	0
_build/html/api/core.helpers.circuit_breaker.html	core.helpers.circuit_breaker.html	0	0
_build/html/api/core.helpers.crypto.html	core.helpers.crypto.html	0	0
_build/html/api/core.helpers.defer.html	core.helpers.defer.html	0	0
_build/html/api/core.helpers.dirty_json.html	core.helpers.dirty_json.html	0	0
_build/html/api/core.helpers.docker.html	core.helpers.docker.html	0	0
_build/html/api/core.helpers.dotenv.html	core.helpers.dotenv.html	0	0
_build/html/api/core.helpers.duckduckgo_search.html	core.helpers.duckduckgo_search.html	0	0
_build/html/api/core.helpers.errors.html	core.helpers.errors.html	0	0
_build/html/api/core.helpers.extension.html	core.helpers.extension.html	0	0
_build/html/api/core.helpers.extract_tools.html	core.helpers.extract_tools.html	0	0
_build/html/api/core.helpers.fasta2a_client.html	core.helpers.fasta2a_client.html	0	0
_build/html/api/core.helpers.file_browser.html	core.helpers.file_browser.html	0	0
_build/html/api/core.helpers.files.html	core.helpers.files.html	0	0
_build/html/api/core.helpers.git.html	core.helpers.git.html	0	0
_build/html/api/core.helpers.guids.html	core.helpers.guids.html	0	0
_build/html/api/core.helpers.history.html	core.helpers.history.html	0	0
_build/html/api/core.helpers.images.html	core.helpers.images.html	0	0
_build/html/api/core.helpers.job_loop.html	core.helpers.job_loop.html	0	0
_build/html/api/core.helpers.knowledge_import.html	core.helpers.knowledge_import.html	0	0
_build/html/api/core.helpers.kokoro_tts.html	core.helpers.kokoro_tts.html	0	0
_build/html/api/core.helpers.localization.html	core.helpers.localization.html	0	0
_build/html/api/core.helpers.log.html	core.helpers.log.html	0	0
_build/html/api/core.helpers.mcp_clients.html	core.helpers.mcp_clients.html	0	0
_build/html/api/core.helpers.mcp_handler.html	core.helpers.mcp_handler.html	0	0
_build/html/api/core.helpers.mcp_servers.html	core.helpers.mcp_servers.html	0	0
_build/html/api/core.helpers.memory.html	core.helpers.memory.html	0	0
_build/html/api/core.helpers.memory_consolidation.html	core.helpers.memory_consolidation.html	0	0
_build/html/api/core.helpers.memory_stores.html	core.helpers.memory_stores.html	0	0
_build/html/api/core.helpers.messages.html	core.helpers.messages.html	0	0
_build/html/api/core.helpers.notification.html	core.helpers.notification.html	0	0
_build/html/api/core.helpers.playwright.html	core.helpers.playwright.html	0	0
_build/html/api/core.helpers.print_catch.html	core.helpers.print_catch.html	0	0
_build/html/api/core.helpers.print_style.html	core.helpers.print_style.html	0	0
_build/html/api/core.helpers.process.html	core.helpers.process.html	0	0
_build/html/api/core.helpers.providers.html	core.helpers.providers.html	0	0
_build/html/api/core.helpers.rate_limiter.html	core.helpers.rate_limiter.html	0	0
_build/html/api/core.helpers.rfc.html	core.helpers.rfc.html	0	0
_build/html/api/core.helpers.rfc_exchange.html	core.helpers.rfc_exchange.html	0	0
_build/html/api/core.helpers.rfc_files.html	core.helpers.rfc_files.html	0	0
_build/html/api/core.helpers.runtime.html	core.helpers.runtime.html	0	0
_build/html/api/core.helpers.scheduler_models.html	core.helpers.scheduler_models.html	0	0
_build/html/api/core.helpers.scheduler_repository.html	core.helpers.scheduler_repository.html	0	0
_build/html/api/core.helpers.scheduler_serialization.html	core.helpers.scheduler_serialization.html	0	0
_build/html/api/core.helpers.searxng.html	core.helpers.searxng.html	0	0
_build/html/api/core.helpers.secrets.html	core.helpers.secrets.html	0	0
_build/html/api/core.helpers.settings.html	core.helpers.settings.html	0	0
_build/html/api/core.helpers.settings_defaults.html	core.helpers.settings_defaults.html	0	0
_build/html/api/core.helpers.settings_model.html	core.helpers.settings_model.html	0	0
_build/html/api/core.helpers.shell_local.html	core.helpers.shell_local.html	0	0
_build/html/api/core.helpers.shell_ssh.html	core.helpers.shell_ssh.html	0	0
_build/html/api/core.helpers.strings.html	core.helpers.strings.html	0	0
_build/html/api/core.helpers.task_scheduler.html	core.helpers.task_scheduler.html	0	0
_build/html/api/core.helpers.timed_input.html	core.helpers.timed_input.html	0	0
_build/html/api/core.helpers.tokens.html	core.helpers.tokens.html	0	0
_build/html/api/core.helpers.tool.html	core.helpers.tool.html	0	0
_build/html/api/core.helpers.tool_tracking.html	core.helpers.tool_tracking.html	0	0
_build/html/api/core.helpers.tty_session.html	core.helpers.tty_session.html	0	0
_build/html/api/core.helpers.tunnel_manager.html	core.helpers.tunnel_manager.html	0	0
_build/html/api/core.helpers.vault_adapter.html	core.helpers.vault_adapter.html	0	0
_build/html/api/core.helpers.whisper.html	core.helpers.whisper.html	0	0
_build/html/api/core.infrastructure.adapters.event_bus_adapter.html	core.infrastructure.adapters.event_bus_adapter.html	0	0
_build/html/api/core.infrastructure.adapters.execution_engine_adapter.html	core.infrastructure.adapters.execution_engine_adapter.html	0	0
_build/html/api/core.infrastructure.adapters.html	core.infrastructure.adapters.html	0	0
_build/html/api/core.infrastructure.adapters.memory_adapter.html	core.infrastructure.adapters.memory_adapter.html	0	0
_build/html/api/core.infrastructure.adapters.policy_adapter.html	core.infrastructure.adapters.policy_adapter.html	0	0
_build/html/api/core.infrastructure.adapters.secret_manager_adapter.html	core.infrastructure.adapters.secret_manager_adapter.html	0	0
_build/html/api/core.infrastructure.adapters.tool_registry_adapter.html	core.infrastructure.adapters.tool_registry_adapter.html	0	0
_build/html/api/core.infrastructure.api.html	core.infrastructure.api.html	0	0
_build/html/api/core.infrastructure.api_keys_api.html	core.infrastructure.api_keys_api.html	0	0
_build/html/api/core.infrastructure.degradation_api.html	core.infrastructure.degradation_api.html	0	0
_build/html/api/core.infrastructure.feature_flags_api.html	core.infrastructure.feature_flags_api.html	0	0
_build/html/api/core.infrastructure.health_checker.html	core.infrastructure.health_checker.html	0	0
_build/html/api/core.infrastructure.models.html	core.infrastructure.models.html	0	0
_build/html/api/core.infrastructure.observability_api.html	core.infrastructure.observability_api.html	0	0
_build/html/api/core.infrastructure.repositories.html	core.infrastructure.repositories.html	0	0
_build/html/api/core.infrastructure.settings_api.html	core.infrastructure.settings_api.html	0	0
_build/html/api/core.management.commands.capture_ui_errors.html	core.management.commands.capture_ui_errors.html	0	0
_build/html/api/core.management.commands.check_file_sizes.html	core.management.commands.check_file_sizes.html	0	0
_build/html/api/core.management.commands.check_ui_console.html	core.management.commands.check_ui_console.html	0	0
_build/html/api/core.management.commands.console_check.html	core.management.commands.console_check.html	0	0
_build/html/api/core.management.commands.constitution_admin.html	core.management.commands.constitution_admin.html	0	0
_build/html/api/core.management.commands.context_builder_benchmark.html	core.management.commands.context_builder_benchmark.html	0	0
_build/html/api/core.management.commands.e2e_quick.html	core.management.commands.e2e_quick.html	0	0
_build/html/api/core.management.commands.generate_missing_webui_files.html	core.management.commands.generate_missing_webui_files.html	0	0
_build/html/api/core.management.commands.golden_trace.html	core.management.commands.golden_trace.html	0	0
_build/html/api/core.management.commands.html	core.management.commands.html	0	0
_build/html/api/core.management.commands.kafka_partition_scaler.html	core.management.commands.kafka_partition_scaler.html	0	0
_build/html/api/core.management.commands.migrate_profiles_to_gateway.html	core.management.commands.migrate_profiles_to_gateway.html	0	0
_build/html/api/core.management.commands.persona_admin.html	core.management.commands.persona_admin.html	0	0
_build/html/api/core.management.commands.persona_training.html	core.management.commands.persona_training.html	0	0
_build/html/api/core.management.commands.preflight.html	core.management.commands.preflight.html	0	0
_build/html/api/core.management.commands.prune_audit_repo.html	core.management.commands.prune_audit_repo.html	0	0
_build/html/api/core.management.commands.publish_outbox.html	core.management.commands.publish_outbox.html	0	0
_build/html/api/core.management.commands.run_conversation_worker.html	core.management.commands.run_conversation_worker.html	0	0
_build/html/api/core.management.commands.run_flink_jobs.html	core.management.commands.run_flink_jobs.html	0	0
_build/html/api/core.management.commands.run_sync_worker.html	core.management.commands.run_sync_worker.html	0	0
_build/html/api/core.management.commands.run_tool_executor.html	core.management.commands.run_tool_executor.html	0	0
_build/html/api/core.management.commands.run_webui_diff.html	core.management.commands.run_webui_diff.html	0	0
_build/html/api/core.management.commands.runstack.html	core.management.commands.runstack.html	0	0
_build/html/api/core.management.commands.schema_smoke_test.html	core.management.commands.schema_smoke_test.html	0	0
_build/html/api/core.management.commands.setup_lago.html	core.management.commands.setup_lago.html	0	0
_build/html/api/core.management.commands.soak_gateway.html	core.management.commands.soak_gateway.html	0	0
_build/html/api/core.management.commands.sync_memories.html	core.management.commands.sync_memories.html	0	0
_build/html/api/core.management.commands.verify_memory_e2e_kafka.html	core.management.commands.verify_memory_e2e_kafka.html	0	0
_build/html/api/core.migrations.0001_zero_data_loss_infrastructure.html	core.migrations.0001_zero_data_loss_infrastructure.html	0	0
_build/html/api/core.migrations.0002_sensor_outbox.html	core.migrations.0002_sensor_outbox.html	0	0
_build/html/api/core.migrations.0003_infrastructure_models.html	core.migrations.0003_infrastructure_models.html	0	0
_build/html/api/core.migrations.0004_capsule_capabilities_whitelist_and_more.html	core.migrations.0004_capsule_capabilities_whitelist_and_more.html	0	0
_build/html/api/core.observability.event_publisher.html	core.observability.event_publisher.html	0	0
_build/html/api/core.observability.log_redaction.html	core.observability.log_redaction.html	0	0
_build/html/api/core.observability.metrics.html	core.observability.metrics.html	0	0
_build/html/api/core.observability.tracing.html	core.observability.tracing.html	0	0
_build/html/api/core.sensors.base.html	core.sensors.base.html	0	0
_build/html/api/core.sensors.conversation.html	core.sensors.conversation.html	0	0
_build/html/api/core.sensors.llm.html	core.sensors.llm.html	0	0
_build/html/api/core.sensors.memory.html	core.sensors.memory.html	0	0
_build/html/api/core.sensors.outbox.html	core.sensors.outbox.html	0	0
_build/html/api/core.sensors.sync_worker.html	core.sensors.sync_worker.html	0	0
_build/html/api/core.sensors.tool.html	core.sensors.tool.html	0	0
_build/html/api/core.sensors.upload.html	core.sensors.upload.html	0	0
_build/html/api/core.sensors.voice.html	core.sensors.voice.html	0	0
_build/html/api/features.api.flags.html	features.api.flags.html	0	0
_build/html/api/features.api.gateway_features.html	features.api.gateway_features.html	0	0
_build/html/api/files.api.attachments.html	files.api.attachments.html	0	0
_build/html/api/flink.migrations.0001_flink_sink_tables.html	flink.migrations.0001_flink_sink_tables.html	0	0
_build/html/api/flink.migrations.0002_llm_token_tracking.html	flink.migrations.0002_llm_token_tracking.html	0	0
_build/html/api/llm.migrations.0001_initial.html	llm.migrations.0001_initial.html	0	0
_build/html/api/llm.services.litellm_client.html	llm.services.litellm_client.html	0	0
_build/html/api/modules.html	modules.html	0	0
_build/html/api/notifications.api.notifications.html	notifications.api.notifications.html	0	0
_build/html/api/permissions.management.commands.html	permissions.management.commands.html	0	0
_build/html/api/permissions.management.commands.seed_permissions.html	permissions.management.commands.seed_permissions.html	0	0
_build/html/api/permissions.migrations.0001_granular_rbac_models.html	permissions.migrations.0001_granular_rbac_models.html	0	0
_build/html/api/saas.api.audit.html	saas.api.audit.html	0	0
_build/html/api/saas.api.billing.html	saas.api.billing.html	0	0
_build/html/api/saas.api.dashboard.html	saas.api.dashboard.html	0	0
_build/html/api/saas.api.features.html	saas.api.features.html	0	0
_build/html/api/saas.api.health.html	saas.api.health.html	0	0
_build/html/api/saas.api.integrations.html	saas.api.integrations.html	0	0
_build/html/api/saas.api.schemas.html	saas.api.schemas.html	0	0
_build/html/api/saas.api.settings.html	saas.api.settings.html	0	0
_build/html/api/saas.api.tenant_agents.html	saas.api.tenant_agents.html	0	0
_build/html/api/saas.api.tenants.html	saas.api.tenants.html	0	0
_build/html/api/saas.api.tiers.html	saas.api.tiers.html	0	0
_build/html/api/saas.api.users.html	saas.api.users.html	0	0
_build/html/api/saas.management.commands.html	saas.management.commands.html	0	0
_build/html/api/saas.management.commands.seed_saas.html	saas.management.commands.seed_saas.html	0	0
_build/html/api/saas.management.commands.seed_saas_data.html	saas.management.commands.seed_saas_data.html	0	0
_build/html/api/saas.migrations.0001_initial.html	saas.migrations.0001_initial.html	0	0
_build/html/api/saas.migrations.0002_add_profile_models.html	saas.migrations.0002_add_profile_models.html	0	0
_build/html/api/saas.models.agents.html	saas.models.agents.html	0	0
_build/html/api/saas.models.audit.html	saas.models.audit.html	0	0
_build/html/api/saas.models.choices.html	saas.models.choices.html	0	0
_build/html/api/saas.models.features.html	saas.models.features.html	0	0
_build/html/api/saas.models.profiles.html	saas.models.profiles.html	0	0
_build/html/api/saas.models.tenants.html	saas.models.tenants.html	0	0
_build/html/api/saas.models.tiers.html	saas.models.tiers.html	0	0
_build/html/api/saas.models.usage.html	saas.models.usage.html	0	0
_build/html/api/services.common.agent_config_loader.html	services.common.agent_config_loader.html	0	0
_build/html/api/services.common.api_key_store.html	services.common.api_key_store.html	0	0
_build/html/api/services.common.asset_critic.html	services.common.asset_critic.html	0	0
_build/html/api/services.common.audit.html	services.common.audit.html	0	0
_build/html/api/services.common.audit_diff.html	services.common.audit_diff.html	0	0
_build/html/api/services.common.authorization.html	services.common.authorization.html	0	0
_build/html/api/services.common.budget_manager.html	services.common.budget_manager.html	0	0
_build/html/api/services.common.capsule_enforcer.html	services.common.capsule_enforcer.html	0	0
_build/html/api/services.common.capsule_store.html	services.common.capsule_store.html	0	0
_build/html/api/services.common.chat_service.html	services.common.chat_service.html	0	0
_build/html/api/services.common.circuit_breakers.html	services.common.circuit_breakers.html	0	0
_build/html/api/services.common.clamav_scanner.html	services.common.clamav_scanner.html	0	0
_build/html/api/services.common.compensation.html	services.common.compensation.html	0	0
_build/html/api/services.common.confidence.html	services.common.confidence.html	0	0
_build/html/api/services.common.config_registry.html	services.common.config_registry.html	0	0
_build/html/api/services.common.degradation_monitor.html	services.common.degradation_monitor.html	0	0
_build/html/api/services.common.degradation_notifications.html	services.common.degradation_notifications.html	0	0
_build/html/api/services.common.dlq.html	services.common.dlq.html	0	0
_build/html/api/services.common.dlq_consumer.html	services.common.dlq_consumer.html	0	0
_build/html/api/services.common.embedding_cache.html	services.common.embedding_cache.html	0	0
_build/html/api/services.common.embeddings.html	services.common.embeddings.html	0	0
_build/html/api/services.common.env_config.html	services.common.env_config.html	0	0
_build/html/api/services.common.error_classifier.html	services.common.error_classifier.html	0	0
_build/html/api/services.common.escalation.html	services.common.escalation.html	0	0
_build/html/api/services.common.event_bus.html	services.common.event_bus.html	0	0
_build/html/api/services.common.features.html	services.common.features.html	0	0
_build/html/api/services.common.files_client.html	services.common.files_client.html	0	0
_build/html/api/services.common.health_checks.html	services.common.health_checks.html	0	0
_build/html/api/services.common.idempotency.html	services.common.idempotency.html	0	0
_build/html/api/services.common.internal_token.html	services.common.internal_token.html	0	0
_build/html/api/services.common.learning.html	services.common.learning.html	0	0
_build/html/api/services.common.lifecycle_metrics.html	services.common.lifecycle_metrics.html	0	0
_build/html/api/services.common.llm_adapter.html	services.common.llm_adapter.html	0	0
_build/html/api/services.common.llm_compatibility.html	services.common.llm_compatibility.html	0	0
_build/html/api/services.common.llm_degradation.html	services.common.llm_degradation.html	0	0
_build/html/api/services.common.logging_config.html	services.common.logging_config.html	0	0
_build/html/api/services.common.manifest_parser.html	services.common.manifest_parser.html	0	0
_build/html/api/services.common.masking.html	services.common.masking.html	0	0
_build/html/api/services.common.messaging_utils.html	services.common.messaging_utils.html	0	0
_build/html/api/services.common.model_costs.html	services.common.model_costs.html	0	0
_build/html/api/services.common.multimodal_degradation.html	services.common.multimodal_degradation.html	0	0
